Code,Name,‚Σ‚θ‚‚Θ,Code,Name,‚Σ‚θ‚‚Θ
101,Ξλ’n•ϋ’†•”,‚Ά‚µ‚©‚θ‚Ώ‚Ω‚¤‚Ώ‚γ‚¤‚Τ,0110100,D–y’†‰›‹ζ–k‚Qπ,‚³‚Α‚Ϋ‚λ‚Ώ‚γ‚¤‚¨‚¤‚­‚«‚½‚Ι‚¶‚ε‚¤
106,“n“‡’n•ϋ“•”,‚¨‚µ‚ά‚Ώ‚Ω‚¤‚Ζ‚¤‚Τ,0120201,”Ωs”φD•”’¬,‚Ν‚±‚Ύ‚Δ‚µ‚¨‚³‚Β‚Χ‚Ώ‚ε‚¤
106,“n“‡’n•ϋ“•”,‚¨‚µ‚ά‚Ώ‚Ω‚¤‚Ζ‚¤‚Τ,0120202,”Ωs”ό΄,‚Ν‚±‚Ύ‚Δ‚µ‚έ‚Ν‚η
115,γu’n•ϋ–k•”,‚µ‚θ‚Χ‚µ‚Ώ‚Ω‚¤‚Ω‚­‚Τ,0120300,¬’Ms”[’¬,‚¨‚½‚ι‚µ‚©‚Β‚Θ‚Ά‚Ώ‚ε‚¤
126,γμ’n•ϋ’†•”,‚©‚έ‚©‚ν‚Ώ‚Ω‚¤‚Ώ‚γ‚¤‚Τ,0120401,®μs‹{‘O‚Pπ,‚ ‚³‚Π‚©‚ν‚µ‚έ‚β‚ά‚¦‚Ά‚Ώ‚¶‚ε‚¤
146,’_U’n•ϋ’†“•”,‚Ά‚Τ‚θ‚Ώ‚Ω‚¤‚Ώ‚γ‚¤‚Ζ‚¤‚Τ,0120501,Ί—–sRθ’¬,‚ή‚λ‚η‚ρ‚µ‚β‚ά‚Δ‚Ώ‚ε‚¤
161,‹ϊH’n•ϋ’†“μ•”,‚­‚µ‚λ‚Ώ‚Ω‚¤‚Ώ‚γ‚¤‚Θ‚ρ‚Τ,0120601,‹ϊHsK’¬,‚­‚µ‚λ‚µ‚³‚Ά‚ν‚Ά‚Ώ‚ε‚¤
161,‹ϊH’n•ϋ’†“μ•”,‚­‚µ‚λ‚Ώ‚Ω‚¤‚Ώ‚γ‚¤‚Θ‚ρ‚Τ,0120602,‹ϊHs‰Ή•Κ’¬Ϊ•Κ,‚­‚µ‚λ‚µ‚¨‚ρ‚Χ‚Β‚Ώ‚ε‚¤‚µ‚α‚­‚Χ‚Β
156,\’n•ϋ’†•”,‚Ζ‚©‚Ώ‚Ώ‚Ω‚¤‚Ώ‚γ‚¤‚Τ,0120700,‘ΡLs“‚Sπ,‚¨‚Ρ‚Π‚λ‚µ‚Π‚‚µ‚ζ‚¶‚ε‚¤
141,–k©’n•ϋ,‚«‚½‚έ‚Ώ‚Ω‚¤,0120800,–k©sφ‰€’¬,‚«‚½‚έ‚µ‚±‚¤‚¦‚ρ‚Ώ‚ε‚¤
141,–k©’n•ϋ,‚«‚½‚έ‚Ώ‚Ω‚¤,0120803,–k©sνC’¬“•l,‚«‚½‚έ‚µ‚Ζ‚±‚λ‚Ώ‚ε‚¤‚Π‚‚µ‚Ν‚ά
141,–k©’n•ϋ,‚«‚½‚έ‚Ώ‚Ω‚¤,0120804,–k©s—―•ΣεA’¬‰·“’‰·ς,‚«‚½‚έ‚µ‚ι‚Χ‚µ‚Χ‚Ώ‚ε‚¤‚¨‚ρ‚Λ‚δ‚¨‚ρ‚Ή‚ρ
122,‹σ’m’n•ϋ“μ•”,‚»‚η‚Ώ‚Ώ‚Ω‚¤‚Θ‚ρ‚Τ,0120900,—[’£sαΨ,‚δ‚¤‚Ξ‚θ‚µ‚ν‚©‚Θ
122,‹σ’m’n•ϋ“μ•”,‚»‚η‚Ώ‚Ώ‚Ω‚¤‚Θ‚ρ‚Τ,0121000,β©‘ςs‚Tπ,‚Ά‚ν‚έ‚΄‚ν‚µ‚²‚¶‚ε‚¤
140,–Τ‘–’n•ϋ,‚ ‚Ξ‚µ‚θ‚Ώ‚Ω‚¤,0121100,–Τ‘–s‘δ’¬,‚ ‚Ξ‚µ‚θ‚µ‚Ύ‚Ά‚ά‚Ώ
131,—―–G’n•ϋ“μ•”,‚ι‚ΰ‚Ά‚Ώ‚Ω‚¤‚Θ‚ρ‚Τ,0121201,—―–Gs‘ε’¬,‚ι‚ΰ‚Ά‚µ‚¨‚¨‚ά‚Ώ
146,’_U’n•ϋ’†“•”,‚Ά‚Τ‚θ‚Ώ‚Ω‚¤‚Ώ‚γ‚¤‚Ζ‚¤‚Τ,0121301,“Ο¬–qs––L’¬,‚Ζ‚ά‚±‚ά‚Ά‚µ‚·‚¦‚Π‚λ‚Ώ‚ε‚¤
135,@’J’n•ϋ–k•”,‚»‚¤‚β‚Ώ‚Ω‚¤‚Ω‚­‚Τ,0121401,’t“ΰsb–k,‚ν‚Α‚©‚Θ‚Ά‚µ‚―‚Ά‚Ω‚­
135,@’J’n•ϋ–k•”,‚»‚¤‚β‚Ώ‚Ω‚¤‚Ω‚­‚Τ,0121402,’t“ΰsJ‰^,‚ν‚Α‚©‚Θ‚Ά‚µ‚©‚Ά‚¤‚ρ
122,‹σ’m’n•ϋ“μ•”,‚»‚η‚Ώ‚Ώ‚Ω‚¤‚Θ‚ρ‚Τ,0121501,”ό‰SsΌ‚Tπ,‚Ρ‚Ξ‚Ά‚µ‚Ι‚µ‚²‚¶‚ε‚¤
121,‹σ’m’n•ϋ’†•”,‚»‚η‚Ώ‚Ώ‚Ω‚¤‚Ώ‚γ‚¤‚Τ,0121600,°•Κs®’¬,‚ ‚µ‚Χ‚Β‚µ‚ ‚³‚Π‚Ώ‚ε‚¤
101,Ξλ’n•ϋ’†•”,‚Ά‚µ‚©‚θ‚Ώ‚Ω‚¤‚Ώ‚γ‚¤‚Τ,0121700,]•Κs‚»’¬,‚¦‚Χ‚Β‚µ‚½‚©‚³‚²‚Ώ‚ε‚¤
142,–δ•Κ’n•ϋ,‚ΰ‚ρ‚Χ‚Β‚Ώ‚Ω‚¤,0121901,–δ•Κs“μ‚‹u’¬,‚ΰ‚ρ‚Χ‚Β‚µ‚έ‚Θ‚έ‚‚¨‚©‚Ώ‚ε‚¤
125,γμ’n•ϋ–k•”,‚©‚έ‚©‚ν‚Ώ‚Ω‚¤‚Ω‚­‚Τ,0122001,m•Κs’©“ϊ’¬,‚µ‚Χ‚Β‚µ‚ ‚³‚Π‚Ώ‚ε‚¤
125,γμ’n•ϋ–k•”,‚©‚έ‚©‚ν‚Ώ‚Ω‚¤‚Ω‚­‚Τ,0122002,m•Κs“‚Uπ,‚µ‚Χ‚Β‚µ‚Π‚‚µ‚λ‚­‚¶‚ε‚¤
125,γμ’n•ϋ–k•”,‚©‚έ‚©‚ν‚Ώ‚Ω‚¤‚Ω‚­‚Τ,0122100,–Όρs‘ε’Κ,‚Θ‚ζ‚λ‚µ‚¨‚¨‚Η‚¨‚θ
167,Ί’n•ϋ“μ•”,‚Λ‚ή‚λ‚Ώ‚Ω‚¤‚Θ‚ρ‚Τ,0122300,Ίs–ν‰h,‚Λ‚ή‚λ‚µ‚β‚³‚©‚¦
167,Ί’n•ϋ“μ•”,‚Λ‚ή‚λ‚Ώ‚Ω‚¤‚Θ‚ρ‚Τ,0122301,Ίs–L—Ά,‚Λ‚ή‚λ‚µ‚Ζ‚ζ‚³‚Ζ
102,Ξλ’n•ϋ“μ•”,‚Ά‚µ‚©‚θ‚Ώ‚Ω‚¤‚Θ‚ρ‚Τ,0122400,ηΞs–k‰h,‚Ώ‚Ζ‚Ή‚µ‚Ω‚­‚¦‚Ά
102,Ξλ’n•ϋ“μ•”,‚Ά‚µ‚©‚θ‚Ώ‚Ω‚¤‚Θ‚ρ‚Τ,0122401,VηΞ‹σ`,‚µ‚ρ‚Ώ‚Ζ‚Ή‚­‚¤‚±‚¤
121,‹σ’m’n•ϋ’†•”,‚»‚η‚Ώ‚Ώ‚Ω‚¤‚Ώ‚γ‚¤‚Τ,0122500,‘κμs‘ε’¬,‚½‚«‚©‚ν‚µ‚¨‚¨‚ά‚Ώ
127,γμ’n•ϋ“μ•”,‚©‚έ‚©‚ν‚Ώ‚Ω‚¤‚Θ‚ρ‚Τ,0122900,•x—Η–μsαΌ’¬,‚Σ‚η‚Μ‚µ‚ν‚©‚ά‚Β‚Ώ‚ε‚¤
146,’_U’n•ϋ’†“•”,‚Ά‚Τ‚θ‚Ώ‚Ω‚¤‚Ώ‚γ‚¤‚Ζ‚¤‚Τ,0123000,“o•ΚszR,‚Μ‚Ϊ‚θ‚Χ‚Β‚µ‚±‚¤‚΄‚ρ
102,Ξλ’n•ϋ“μ•”,‚Ά‚µ‚©‚θ‚Ώ‚Ω‚¤‚Θ‚ρ‚Τ,0123100,b’λs‹™•½,‚¦‚Ι‚ν‚µ‚Ά‚΄‚θ‚Ύ‚Ά‚η
145,’_U’n•ϋΌ•”,‚Ά‚Τ‚θ‚Ώ‚Ω‚¤‚Ή‚Ά‚Τ,0123300,’_UΙ’Bs”~–{,‚Ά‚Τ‚θ‚Ύ‚Δ‚µ‚¤‚ί‚ΰ‚Ζ
100,Ξλ’n•ϋ–k•”,‚Ά‚µ‚©‚θ‚Ώ‚Ω‚¤‚Ω‚­‚Τ,0123500,Ξλs‰Τμ,‚Ά‚µ‚©‚θ‚µ‚Ν‚Θ‚©‚ν
100,Ξλ’n•ϋ–k•”,‚Ά‚µ‚©‚θ‚Ώ‚Ω‚¤‚Ω‚­‚Τ,0123501,ΞλsγΪ•x,‚Ά‚µ‚©‚θ‚µ‚µ‚Α‚Υ
107,“n“‡’n•ϋΌ•”,‚¨‚µ‚ά‚Ώ‚Ω‚¤‚Ή‚Ά‚Τ,0133100,“n“‡Ό‘O’¬•R,‚¨‚µ‚ά‚ά‚Β‚ά‚¦‚Ώ‚ε‚¤‚Σ‚­‚β‚ά
107,“n“‡’n•ϋΌ•”,‚¨‚µ‚ά‚Ώ‚Ω‚¤‚Ή‚Ά‚Τ,0133101,“n“‡Ό‘O’¬΄•”,‚¨‚µ‚ά‚ά‚Β‚ά‚¦‚Ώ‚ε‚¤‚«‚ζ‚Χ
107,“n“‡’n•ϋΌ•”,‚¨‚µ‚ά‚Ώ‚Ω‚¤‚Ή‚Ά‚Τ,0133300,’m“ΰ’¬¬’JΞ,‚µ‚θ‚¤‚Ώ‚Ώ‚ε‚¤‚±‚½‚Ι‚Ά‚µ
106,“n“‡’n•ϋ“•”,‚¨‚µ‚ά‚Ώ‚Ω‚¤‚Ζ‚¤‚Τ,0133701,µ”Ρ’¬χ’¬,‚Θ‚Θ‚¦‚Ώ‚ε‚¤‚³‚­‚η‚ά‚Ώ
106,“n“‡’n•ϋ“•”,‚¨‚µ‚ά‚Ώ‚Ω‚¤‚Ζ‚¤‚Τ,0134503,“n“‡X’¬δK’¬,‚¨‚µ‚ά‚ΰ‚θ‚ά‚Ώ‚έ‚δ‚«‚Ώ‚ε‚¤
105,“n“‡’n•ϋ–k•”,‚¨‚µ‚ά‚Ώ‚Ω‚¤‚Ω‚­‚Τ,0134601,”‰_’¬γ‚Μ“’,‚β‚­‚ΰ‚Ώ‚ε‚¤‚©‚έ‚Μ‚δ
110,wR’n•ϋ,‚Π‚β‚ά‚Ώ‚Ω‚¤,0136101,wR]·’¬‰W_,‚Π‚β‚ά‚¦‚³‚µ‚Ώ‚ε‚¤‚¤‚Ξ‚‚έ
119,–kC“Ή‰K“‡,‚Ω‚Α‚©‚Ά‚Η‚¤‚¨‚­‚µ‚θ‚Ζ‚¤,0136701,‰K’¬Ό],‚¨‚­‚µ‚θ‚Ώ‚ε‚¤‚ά‚Β‚¦
110,wR’n•ϋ,‚Π‚β‚ά‚Ώ‚Ω‚¤,0137100,‚Ή‚½‚Θ’¬–kwR‹ζ–L‰,‚Ή‚½‚Θ‚Ώ‚ε‚¤‚«‚½‚Π‚β‚ά‚­‚Ζ‚ζ‚¨‚©
117,γu’n•ϋΌ•”,‚µ‚θ‚Χ‚µ‚Ώ‚Ω‚¤‚Ή‚Ά‚Τ,0139100,“‡–q‘Ί]ƒm“‡,‚µ‚ά‚ά‚«‚ή‚η‚¦‚Μ‚µ‚ά
117,γu’n•ϋΌ•”,‚µ‚θ‚Χ‚µ‚Ώ‚Ω‚¤‚Ή‚Ά‚Τ,0139201,υ“s’¬V‰h,‚·‚Α‚Β‚Ώ‚ε‚¤‚µ‚ρ‚¦‚Ά
116,γu’n•ϋ“•”,‚µ‚θ‚Χ‚µ‚Ώ‚Ω‚¤‚Ζ‚¤‚Τ,0140000,‹δ’mΐ’¬“μ‚Pπ,‚­‚Α‚Ώ‚α‚ρ‚Ώ‚ε‚¤‚έ‚Θ‚έ‚Ά‚Ώ‚¶‚ε‚¤
117,γu’n•ϋΌ•”,‚µ‚θ‚Χ‚µ‚Ώ‚Ω‚¤‚Ή‚Ά‚Τ,0140201,β“ΰ’¬‚‘δ,‚Ά‚ν‚Θ‚Ά‚Ώ‚ε‚¤‚½‚©‚Ύ‚Ά
115,γu’n•ϋ–k•”,‚µ‚θ‚Χ‚µ‚Ώ‚Ω‚¤‚Ω‚­‚Τ,0140500,Ο’O’¬“ϊi’¬,‚µ‚α‚±‚½‚ρ‚Ώ‚ε‚¤‚Π‚Γ‚©‚Ώ‚ε‚¤
115,γu’n•ϋ–k•”,‚µ‚θ‚Χ‚µ‚Ώ‚Ω‚¤‚Ω‚­‚Τ,0140800,—]s’¬’©“ϊ’¬,‚ζ‚Ά‚Ώ‚Ώ‚ε‚¤‚ ‚³‚Π‚Ώ‚ε‚¤
120,‹σ’m’n•ϋ–k•”,‚»‚η‚Ώ‚Ώ‚Ω‚¤‚Ω‚­‚Τ,0143700,–k—³’¬—³Ό,‚Ω‚­‚θ‚γ‚¤‚Ώ‚ε‚¤‚θ‚γ‚¤‚³‚Ά
126,γμ’n•ϋ’†•”,‚©‚έ‚©‚ν‚Ώ‚Ω‚¤‚Ώ‚γ‚¤‚Τ,0145701,γμ’n•ϋγμ’¬‰zH,‚©‚έ‚©‚ν‚Ώ‚Ω‚¤‚©‚έ‚©‚ν‚Ώ‚ε‚¤‚±‚µ‚¶
127,γμ’n•ϋ“μ•”,‚©‚έ‚©‚ν‚Ώ‚Ω‚¤‚Θ‚ρ‚Τ,0146000,γ•x—Η–μ’¬‘ε’¬,‚©‚έ‚Σ‚η‚Μ‚Ώ‚ε‚¤‚¨‚¨‚ά‚Ώ
127,γμ’n•ϋ“μ•”,‚©‚έ‚©‚ν‚Ώ‚Ω‚¤‚Θ‚ρ‚Τ,0146200,“μ•x—Η–μ’¬τ“Π,‚έ‚Θ‚έ‚Σ‚η‚Μ‚Ώ‚ε‚¤‚Ά‚­‚Ζ‚η
130,—―–G’n•ϋ’†–k•”,‚ι‚ΰ‚Ά‚Ώ‚Ω‚¤‚Ώ‚γ‚¤‚Ω‚­‚Τ,0148400,‰H–y’¬“μ‚Rπ,‚Ν‚Ϊ‚λ‚Ώ‚ε‚¤‚έ‚Θ‚έ‚³‚ρ‚¶‚ε‚¤
130,—―–G’n•ϋ’†–k•”,‚ι‚ΰ‚Ά‚Ώ‚Ω‚¤‚Ώ‚γ‚¤‚Ω‚­‚Τ,0148401,‰H–y’¬ΔK,‚Ν‚Ϊ‚λ‚Ώ‚ε‚¤‚β‚¬‚µ‚θ
130,—―–G’n•ϋ’†–k•”,‚ι‚ΰ‚Ά‚Ώ‚Ω‚¤‚Ώ‚γ‚¤‚Ω‚­‚Τ,0148500,‰R•Κ‘Ί—L–Ύ,‚µ‚ε‚³‚ρ‚Χ‚Β‚ή‚η‚ ‚θ‚ ‚―
136,@’J’n•ϋ“μ•”,‚»‚¤‚β‚Ώ‚Ω‚¤‚Θ‚ρ‚Τ,0151401,@’J}K’¬–¦’¬,‚»‚¤‚β‚¦‚³‚µ‚Ώ‚ε‚¤‚έ‚³‚«‚Ώ‚ε‚¤
136,@’J’n•ϋ“μ•”,‚»‚¤‚β‚Ώ‚Ω‚¤‚Θ‚ρ‚Τ,0151403,@’J}K’¬–{’¬,‚»‚¤‚β‚¦‚³‚µ‚Ώ‚ε‚¤‚Ω‚ρ‚Ώ‚ε‚¤
139,–kC“Ή—K—η•¶,‚Ω‚Α‚©‚Ά‚Η‚¤‚θ‚µ‚θ‚κ‚Τ‚ρ,0151700,—η•¶’¬γ”‘ι,‚κ‚Τ‚ρ‚Ώ‚ε‚¤‚¤‚¦‚Η‚ά‚θ‚³‚«
139,–kC“Ή—K—η•¶,‚Ω‚Α‚©‚Ά‚Η‚¤‚θ‚µ‚θ‚κ‚Τ‚ρ,0151900,—K•xm’¬‹Se,‚θ‚µ‚θ‚Σ‚¶‚Ώ‚ε‚¤‚¨‚Ι‚ν‚«
140,–Τ‘–’n•ϋ,‚ ‚Ξ‚µ‚θ‚Ώ‚Ω‚¤,0154301,”ό–y’¬“‚Rπ,‚Ρ‚Ω‚λ‚Ώ‚ε‚¤‚Π‚‚µ‚³‚ρ‚¶‚ε‚¤
140,–Τ‘–’n•ϋ,‚ ‚Ξ‚µ‚θ‚Ώ‚Ω‚¤,0154500,Ξ—Ά’¬–{’¬,‚µ‚α‚θ‚Ώ‚ε‚¤‚Ω‚ρ‚ά‚Ώ
142,–δ•Κ’n•ϋ,‚ΰ‚ρ‚Χ‚Β‚Ώ‚Ω‚¤,0155500,‰“y’¬Ϋ£•z‹ΰ—NR,‚¦‚ρ‚‚ι‚Ώ‚ε‚¤‚ά‚ι‚Ή‚Α‚Υ‚«‚ρ‚δ‚¤‚΄‚ρ
142,–δ•Κ’n•ϋ,‚ΰ‚ρ‚Χ‚Β‚Ώ‚Ω‚¤,0156301,—Y•’¬—Y•,‚¨‚¤‚ή‚Ώ‚ε‚¤‚¨‚¤‚ή
146,’_U’n•ϋ’†“•”,‚Ά‚Τ‚θ‚Ώ‚Ω‚¤‚Ώ‚γ‚¤‚Ζ‚¤‚Τ,0157801,”’V’¬’|‰Y,‚µ‚η‚¨‚Ά‚Ώ‚ε‚¤‚½‚―‚¤‚η
146,’_U’n•ϋ’†“•”,‚Ά‚Τ‚θ‚Ώ‚Ω‚¤‚Ώ‚γ‚¤‚Ζ‚¤‚Τ,0158100,ϊ^’¬­ΐ,‚ ‚Β‚ά‚Ώ‚ε‚¤‚µ‚©‚Κ‚ά
150,“ϊ‚’n•ϋΌ•”,‚Π‚Ύ‚©‚Ώ‚Ω‚¤‚Ή‚Ά‚Τ,0160200,•½ζ’¬mΆ‰F,‚Ρ‚η‚Ζ‚θ‚Ώ‚ε‚¤‚Ι‚Ή‚¤
152,“ϊ‚’n•ϋ“•”,‚Π‚Ύ‚©‚Ώ‚Ω‚¤‚Ζ‚¤‚Τ,0160701,‰Y‰Ν’¬–μ[,‚¤‚η‚©‚ν‚Ώ‚ε‚¤‚Μ‚Τ‚©
152,“ϊ‚’n•ϋ“•”,‚Π‚Ύ‚©‚Ώ‚Ω‚¤‚Ζ‚¤‚Τ,0160702,‰Y‰Ν’¬’©,‚¤‚η‚©‚ν‚Ώ‚ε‚¤‚µ‚¨‚έ
152,“ϊ‚’n•ϋ“•”,‚Π‚Ύ‚©‚Ώ‚Ω‚¤‚Ζ‚¤‚Τ,0160900,‚¦‚θ‚ΰ’¬–{’¬,‚¦‚θ‚ΰ‚Ώ‚ε‚¤‚Ω‚ρ‚Ώ‚ε‚¤
151,“ϊ‚’n•ϋ’†•”,‚Π‚Ύ‚©‚Ώ‚Ω‚¤‚Ώ‚γ‚¤‚Τ,0161001,V‚Π‚Ύ‚©’¬Γ“ΰRθ’¬,‚µ‚ρ‚Π‚Ύ‚©‚Ώ‚ε‚¤‚µ‚Έ‚Θ‚Ά‚β‚ά‚Δ‚Ώ‚ε‚¤
151,“ϊ‚’n•ϋ’†•”,‚Π‚Ύ‚©‚Ώ‚Ω‚¤‚Ώ‚γ‚¤‚Τ,0161002,V‚Π‚Ύ‚©’¬Γ“ΰδ‰€,‚µ‚ρ‚Π‚Ύ‚©‚Ώ‚ε‚¤‚µ‚Έ‚Θ‚Ά‚έ‚»‚Μ
156,\’n•ϋ’†•”,‚Ζ‚©‚Ώ‚Ώ‚Ω‚¤‚Ώ‚γ‚¤‚Τ,0163600,\΄…’¬“μ‚Sπ,‚Ζ‚©‚Ώ‚µ‚έ‚Έ‚Ώ‚ε‚¤‚έ‚Θ‚έ‚ζ‚¶‚ε‚¤
157,\’n•ϋ“μ•”,‚Ζ‚©‚Ώ‚Ώ‚Ω‚¤‚Θ‚ρ‚Τ,0164200,L”φ’¬•ΐ–Ψ’Κ,‚Π‚λ‚¨‚Ώ‚ε‚¤‚Θ‚έ‚«‚Η‚¨‚θ
157,\’n•ϋ“μ•”,‚Ζ‚©‚Ώ‚Ώ‚Ω‚¤‚Θ‚ρ‚Τ,0164201,L”φ’¬”’’’Κ,‚Π‚λ‚¨‚Ώ‚ε‚¤‚µ‚η‚©‚Ξ‚Η‚¨‚θ
156,\’n•ϋ’†•”,‚Ζ‚©‚Ώ‚Ώ‚Ω‚¤‚Ώ‚γ‚¤‚Τ,0164300,–‹•Κ’¬’‰—ή–Ύa,‚ά‚­‚Χ‚Β‚Ώ‚ε‚¤‚Ώ‚γ‚¤‚ι‚Ά‚ί‚Ά‚ν
156,\’n•ϋ’†•”,‚Ζ‚©‚Ώ‚Ώ‚Ω‚¤‚Ώ‚γ‚¤‚Τ,0164600,–{•Κ’¬–k‚Q’–Ϊ,‚Ω‚ρ‚Χ‚Β‚Ώ‚ε‚¤‚«‚½‚Ι‚Ώ‚ε‚¤‚ί
155,\’n•ϋ–k•”,‚Ζ‚©‚Ώ‚Ώ‚Ω‚¤‚Ω‚­‚Τ,0164700,‘«ρ’¬γ—†p,‚ ‚µ‚ε‚λ‚Ώ‚ε‚¤‚©‚έ‚η‚ν‚ρ
161,‹ϊH’n•ϋ’†“μ•”,‚­‚µ‚λ‚Ώ‚Ω‚¤‚Ώ‚γ‚¤‚Θ‚ρ‚Τ,0166200,ϊέ’¬”φ–y,‚ ‚Α‚―‚µ‚Ώ‚ε‚¤‚¨‚Ϊ‚λ
161,‹ϊH’n•ϋ’†“μ•”,‚­‚µ‚λ‚Ώ‚Ω‚¤‚Ώ‚γ‚¤‚Θ‚ρ‚Τ,0166300,•l’†’¬“’•¦,‚Ν‚ά‚Θ‚©‚Ώ‚ε‚¤‚Ζ‚¤‚Σ‚Β
160,‹ϊH’n•ϋ–k•”,‚­‚µ‚λ‚Ώ‚Ω‚¤‚Ω‚­‚Τ,0166501,’νq‹ό’¬”ό—Ά,‚Δ‚µ‚©‚‚Ώ‚ε‚¤‚έ‚³‚Ζ
166,Ί’n•ϋ’†•”,‚Λ‚ή‚λ‚Ώ‚Ω‚¤‚Ώ‚γ‚¤‚Τ,0169100,•ΚC’¬ν”Υ,‚Χ‚Β‚©‚Ά‚Ώ‚ε‚¤‚Ζ‚«‚ν
165,Ί’n•ϋ–k•”,‚Λ‚ή‚λ‚Ώ‚Ω‚¤‚Ω‚­‚Τ,0169200,’†•W’Γ’¬—{V‹,‚Θ‚©‚µ‚Χ‚Β‚Ώ‚ε‚¤‚ζ‚¤‚λ‚¤‚¤‚µ
165,Ί’n•ϋ–k•”,‚Λ‚ή‚λ‚Ώ‚Ω‚¤‚Ω‚­‚Τ,0169300,•W’Γ’¬Γ‘½f,‚µ‚Χ‚Β‚Ώ‚ε‚¤‚±‚½‚Κ‚©
165,Ί’n•ϋ–k•”,‚Λ‚ή‚λ‚Ώ‚Ω‚¤‚Ω‚­‚Τ,0169400,—…‰P’¬t“ϊ,‚η‚¤‚·‚Ώ‚ε‚¤‚©‚·‚
200,ΒX§’Γy–k•”,‚ ‚¨‚ΰ‚θ‚―‚ρ‚Β‚‚ι‚Ω‚­‚Τ,0220100,ΒXs‰Τ‰€,‚ ‚¨‚ΰ‚θ‚µ‚Ν‚Θ‚Ό‚Μ
201,ΒX§’Γy“μ•”,‚ ‚¨‚ΰ‚θ‚―‚ρ‚Β‚‚ι‚Θ‚ρ‚Τ,0220200,O‘Osa“c’¬,‚Π‚λ‚³‚«‚µ‚ν‚Ύ‚Ώ‚ε‚¤
201,ΒX§’Γy“μ•”,‚ ‚¨‚ΰ‚θ‚―‚ρ‚Β‚‚ι‚Θ‚ρ‚Τ,0220201,O‘Os–ν¶,‚Π‚λ‚³‚«‚µ‚β‚ζ‚Ά
202,ΒX§O”γ–k,‚ ‚¨‚ΰ‚θ‚―‚ρ‚³‚ρ‚Ο‚Ώ‚©‚έ‚«‚½,0220301,”Λs“‡η,‚Ν‚Ώ‚Μ‚Φ‚µ‚µ‚ά‚ΰ‚θ
202,ΒX§O”γ–k,‚ ‚¨‚ΰ‚θ‚―‚ρ‚³‚ρ‚Ο‚Ώ‚©‚έ‚«‚½,0220302,”Λs–©’¬,‚Ν‚Ώ‚Μ‚Φ‚µ‚έ‚Θ‚Ζ‚ά‚Ώ
200,ΒX§’Γy–k•”,‚ ‚¨‚ΰ‚θ‚―‚ρ‚Β‚‚ι‚Ω‚­‚Τ,0220500,άμ΄s‰h’¬,‚²‚µ‚ε‚‚ν‚η‚µ‚³‚©‚¦‚ά‚Ώ
200,ΒX§’Γy–k•”,‚ ‚¨‚ΰ‚θ‚―‚ρ‚Β‚‚ι‚Ω‚­‚Τ,0220501,άμ΄s‘Ύ“c,‚²‚µ‚ε‚‚ν‚η‚µ‚¨‚¨‚½
203,ΒX§‰Ί–k,‚ ‚¨‚ΰ‚θ‚―‚ρ‚µ‚ΰ‚«‚½,0220800,‚ή‚Βs‹ΰ‹Θ,‚ή‚Β‚µ‚©‚Θ‚ά‚‚θ
203,ΒX§‰Ί–k,‚ ‚¨‚ΰ‚θ‚―‚ρ‚µ‚ΰ‚«‚½,0220801,‚ή‚Βs‘ε”¨’¬‰–ς¤,‚ή‚Β‚µ‚¨‚¨‚Ν‚½‚ά‚Ώ‚¨‚­‚β‚°‚ρ
200,ΒX§’Γy–k•”,‚ ‚¨‚ΰ‚θ‚―‚ρ‚Β‚‚ι‚Ω‚­‚Τ,0230100,•½“ΰ’¬¬–©,‚Π‚η‚Θ‚Ά‚ά‚Ώ‚±‚έ‚Θ‚Ζ
201,ΒX§’Γy“μ•”,‚ ‚¨‚ΰ‚θ‚―‚ρ‚Β‚‚ι‚Θ‚ρ‚Τ,0232101,ιΛƒ–‘ς’¬•‘Λ’¬–ΒΛ,‚ ‚¶‚‚³‚ν‚ά‚Ώ‚ά‚Ά‚Ζ‚ά‚Ώ‚Θ‚ι‚Ζ
201,ΒX§’Γy“μ•”,‚ ‚¨‚ΰ‚θ‚―‚ρ‚Β‚‚ι‚Θ‚ρ‚Τ,0232301,[‰Y’¬’·c•½,‚Σ‚©‚¤‚η‚ά‚Ώ‚Ώ‚ε‚¤‚―‚Ά‚Ύ‚Ά‚η
201,ΒX§’Γy“μ•”,‚ ‚¨‚ΰ‚θ‚―‚ρ‚Β‚‚ι‚Θ‚ρ‚Τ,0232302,[‰Y’¬[‰Y‰’¬,‚Σ‚©‚¤‚η‚ά‚Ώ‚Σ‚©‚¤‚η‚¨‚©‚ά‚Ώ
202,ΒX§O”γ–k,‚ ‚¨‚ΰ‚θ‚―‚ρ‚³‚ρ‚Ο‚Ώ‚©‚έ‚«‚½,0240200,µΛ’¬–k“VΤΪ,‚µ‚Ώ‚Μ‚Φ‚ά‚Ώ‚«‚½‚Δ‚ρ‚ά‚Ύ‚Δ
202,ΒX§O”γ–k,‚ ‚¨‚ΰ‚θ‚―‚ρ‚³‚ρ‚Ο‚Ώ‚©‚έ‚«‚½,0241100,Zƒ–‘Ί”φιo,‚λ‚Α‚©‚µ‚ε‚ή‚η‚¨‚Τ‚Ώ
202,ΒX§O”γ–k,‚ ‚¨‚ΰ‚θ‚―‚ρ‚³‚ρ‚Ο‚Ώ‚©‚έ‚«‚½,0241101,Zƒ–‘ΊoΛ,‚λ‚Α‚©‚µ‚ε‚ή‚η‚Ε‚Ζ
203,ΒX§‰Ί–k,‚ ‚¨‚ΰ‚θ‚―‚ρ‚µ‚ΰ‚«‚½,0242400,“’Κ‘Ί»q–”—’J’n,‚Π‚‚µ‚Η‚¨‚θ‚ή‚η‚·‚Θ‚²‚ά‚½‚‚ά‚β‚Ώ
202,ΒX§O”γ–k,‚ ‚¨‚ΰ‚θ‚―‚ρ‚³‚ρ‚Ο‚Ώ‚©‚έ‚«‚½,0244200,άΛ’¬ΓΪ,‚²‚Μ‚Φ‚ά‚Ώ‚Σ‚ι‚Ύ‚Δ
212,βθ§“ΰ—¤–k•”,‚Ά‚ν‚Δ‚―‚ρ‚Θ‚Ά‚θ‚­‚Ω‚­‚Τ,0320100,·‰sR‰¤’¬,‚ΰ‚θ‚¨‚©‚µ‚³‚ρ‚Μ‚¤‚Ώ‚ε‚¤
210,βθ§‰έ–k•”,‚Ά‚ν‚Δ‚―‚ρ‚¦‚ρ‚‚ρ‚Ω‚­‚Τ,0320200,‹{ΓsLƒ–θ,‚έ‚β‚±‚µ‚­‚ν‚‚³‚«
210,βθ§‰έ–k•”,‚Ά‚ν‚Δ‚―‚ρ‚¦‚ρ‚‚ρ‚Ω‚­‚Τ,0320201,‹{Γs’·‘ς,‚έ‚β‚±‚µ‚Θ‚‚³‚ν
211,βθ§‰έ“μ•”,‚Ά‚ν‚Δ‚―‚ρ‚¦‚ρ‚‚ρ‚Θ‚ρ‚Τ,0320300,‘ε‘D“ns‘ε‘D“n’¬,‚¨‚¨‚Σ‚Θ‚Ζ‚µ‚¨‚¨‚Σ‚Θ‚Ζ‚Ώ‚ε‚¤
211,βθ§‰έ“μ•”,‚Ά‚ν‚Δ‚―‚ρ‚¦‚ρ‚‚ρ‚Θ‚ρ‚Τ,0320301,‘ε‘D“ns’–μ’¬,‚¨‚¨‚Σ‚Θ‚Ζ‚µ‚Ά‚©‚ν‚Ώ‚ε‚¤
213,βθ§“ΰ—¤“μ•”,‚Ά‚ν‚Δ‚―‚ρ‚Θ‚Ά‚θ‚­‚Θ‚ρ‚Τ,0320500,‰Τs‘ε”—’¬,‚Ν‚Θ‚ά‚«‚µ‚¨‚¨‚Ν‚³‚ά‚ά‚Ώ
213,βθ§“ΰ—¤“μ•”,‚Ά‚ν‚Δ‚―‚ρ‚Θ‚Ά‚θ‚­‚Θ‚ρ‚Τ,0320600,–kγs–φ΄’¬,‚«‚½‚©‚έ‚µ‚β‚Θ‚¬‚Ν‚η‚Ώ‚ε‚¤
210,βθ§‰έ–k•”,‚Ά‚ν‚Δ‚―‚ρ‚¦‚ρ‚‚ρ‚Ω‚­‚Τ,0320700,‹vsμθ’¬,‚­‚¶‚µ‚©‚ν‚³‚«‚Ώ‚ε‚¤
210,βθ§‰έ–k•”,‚Ά‚ν‚Δ‚―‚ρ‚¦‚ρ‚‚ρ‚Ω‚­‚Τ,0320701,‹vs}¬‘ς,‚­‚¶‚µ‚¦‚Ύ‚Θ‚θ‚³‚ν
213,βθ§“ΰ—¤“μ•”,‚Ά‚ν‚Δ‚―‚ρ‚Θ‚Ά‚θ‚­‚Θ‚ρ‚Τ,0320902,κΦs‘ε“’¬,‚Ά‚Ώ‚Μ‚Ή‚«‚µ‚Ύ‚Ά‚Ζ‚¤‚Ώ‚ε‚¤
211,βθ§‰έ“μ•”,‚Ά‚ν‚Δ‚―‚ρ‚¦‚ρ‚‚ρ‚Θ‚ρ‚Τ,0321100,Ξs‘ό‰z’¬,‚©‚ά‚Ά‚µ‚µ‚½‚Ύ‚±‚¦‚Ώ‚ε‚¤
212,βθ§“ΰ—¤–k•”,‚Ά‚ν‚Δ‚―‚ρ‚Θ‚Ά‚θ‚­‚Ω‚­‚Τ,0321301,“ρΛs•‰,‚Ι‚Μ‚Φ‚µ‚Σ‚­‚¨‚©
212,βθ§“ΰ—¤–k•”,‚Ά‚ν‚Δ‚―‚ρ‚Θ‚Ά‚θ‚­‚Ω‚­‚Τ,0321400,””¦•½s‘εX,‚Ν‚Ώ‚ά‚ρ‚½‚Ά‚µ‚¨‚¨‚Τ‚―
213,βθ§“ΰ—¤“μ•”,‚Ά‚ν‚Δ‚―‚ρ‚Θ‚Ά‚θ‚­‚Θ‚ρ‚Τ,0321500,‰Bs…‘ς‘εΰ’¬,‚¨‚¤‚µ‚γ‚¤‚µ‚έ‚Έ‚³‚ν‚¨‚¨‚‚Λ‚Ώ‚ε‚¤
212,βθ§“ΰ—¤–k•”,‚Ά‚ν‚Δ‚―‚ρ‚Θ‚Ά‚θ‚­‚Ω‚­‚Τ,0330101,΄Ξ’¬η “c,‚µ‚Έ‚­‚Ά‚µ‚Ώ‚ε‚¤‚Ή‚ρ‚‚θ‚½
212,βθ§“ΰ—¤–k•”,‚Ά‚ν‚Δ‚―‚ρ‚Θ‚Ά‚θ‚­‚Ω‚­‚Τ,0330102,΄Ξ’¬Όγ‹ξ–Ψ–μ,‚µ‚Έ‚­‚Ά‚µ‚Ώ‚ε‚¤‚Ι‚µ‚Λ‚©‚έ‚±‚ά‚«‚Μ
212,βθ§“ΰ—¤–k•”,‚Ά‚ν‚Δ‚―‚ρ‚Θ‚Ά‚θ‚­‚Ω‚­‚Τ,0330200,‹’¬‹³–Ψ,‚­‚Έ‚ά‚«‚ά‚Ώ‚­‚Έ‚ά‚«‚ΰ‚Ζ‚«
210,βθ§‰έ–k•”,‚Ά‚ν‚Δ‚―‚ρ‚¦‚ρ‚‚ρ‚Ω‚­‚Τ,0348201,R“c’¬””¦’¬,‚β‚ά‚Ύ‚ά‚Ώ‚Ν‚Ώ‚ά‚ρ‚Ώ‚ε‚¤
210,βθ§‰έ–k•”,‚Ά‚ν‚Δ‚―‚ρ‚¦‚ρ‚‚ρ‚Ω‚­‚Τ,0348400,“c–μ”¨‘Ί“c–μ”¨,‚½‚Μ‚Ν‚½‚ή‚η‚½‚Μ‚Ν‚½
210,βθ§‰έ–k•”,‚Ά‚ν‚Δ‚―‚ρ‚¦‚ρ‚‚ρ‚Ω‚­‚Τ,0350700,βθ—m–μ’¬νs,‚Ά‚ν‚Δ‚Π‚λ‚Μ‚Ώ‚ε‚¤‚½‚Λ‚Ά‚Ώ
222,‹{ι§’†•”,‚έ‚β‚¬‚―‚ρ‚Ώ‚γ‚¤‚Τ,0410101,ε‘δΒ—t‹ζ‘ε‘q,‚Ή‚ρ‚Ύ‚Ά‚ ‚¨‚Ξ‚­‚¨‚¨‚­‚η
222,‹{ι§’†•”,‚έ‚β‚¬‚―‚ρ‚Ώ‚γ‚¤‚Τ,0410201,ε‘δ‹{ι–μ‹ζά—Φ,‚Ή‚ρ‚Ύ‚Ά‚έ‚β‚¬‚Μ‚­‚²‚θ‚ρ
222,‹{ι§’†•”,‚έ‚β‚¬‚―‚ρ‚Ώ‚γ‚¤‚Τ,0420202,Ξsς’¬,‚Ά‚µ‚Μ‚ά‚«‚µ‚Ά‚Έ‚έ‚Ώ‚ε‚¤
222,‹{ι§’†•”,‚έ‚β‚¬‚―‚ρ‚Ώ‚γ‚¤‚Τ,0420203,Ξs‘ε‰Z,‚Ά‚µ‚Μ‚ά‚«‚µ‚¨‚¤‚θ
220,‹{ι§–k•”,‚έ‚β‚¬‚―‚ρ‚Ω‚­‚Τ,0420500,‹CεΐsΤβ,‚―‚Ή‚ρ‚Κ‚ά‚µ‚ ‚©‚Ά‚ν
220,‹{ι§–k•”,‚έ‚β‚¬‚―‚ρ‚Ω‚­‚Τ,0420501,‹Cεΐs–{‹g’¬Όμ“ΰ,‚―‚Ή‚ρ‚Κ‚ά‚µ‚ΰ‚Ζ‚ζ‚µ‚Ώ‚ε‚¤‚Ι‚µ‚©‚ν‚¤‚Ώ
221,‹{ι§“μ•”,‚έ‚β‚¬‚―‚ρ‚Θ‚ρ‚Τ,0420700,ε‘δ‹σ`,‚Ή‚ρ‚Ύ‚Ά‚­‚¤‚±‚¤
220,‹{ι§–k•”,‚έ‚β‚¬‚―‚ρ‚Ω‚­‚Τ,0421200,“o•Δs’†“c’¬,‚Ζ‚ί‚µ‚Θ‚©‚Ύ‚Ώ‚ε‚¤
220,‹{ι§–k•”,‚έ‚β‚¬‚―‚ρ‚Ω‚­‚Τ,0421300,I΄sI‹ξ,‚­‚θ‚Ν‚η‚µ‚­‚θ‚±‚ά
220,‹{ι§–k•”,‚έ‚β‚¬‚―‚ρ‚Ω‚­‚Τ,0421500,‘εθsΓμO“ϊ’¬,‚¨‚¨‚³‚«‚µ‚Σ‚ι‚©‚ν‚έ‚Α‚©‚ά‚Ώ
220,‹{ι§–k•”,‚έ‚β‚¬‚―‚ρ‚Ω‚­‚Τ,0421501,‘εθsΓμ‘εθ,‚¨‚¨‚³‚«‚µ‚Σ‚ι‚©‚ν‚¨‚¨‚³‚«
221,‹{ι§“μ•”,‚έ‚β‚¬‚―‚ρ‚Θ‚ρ‚Τ,0432300,Δ“c’¬‘D‰,‚µ‚Ξ‚½‚ά‚Ώ‚Σ‚Θ‚¨‚©
221,‹{ι§“μ•”,‚έ‚β‚¬‚―‚ρ‚Θ‚ρ‚Τ,0434100,ΫX’¬γ‘κ,‚ά‚ι‚ΰ‚θ‚ά‚Ώ‚©‚έ‚Ύ‚«
222,‹{ι§’†•”,‚έ‚β‚¬‚―‚ρ‚Ώ‚γ‚¤‚Τ,0440101,Ό“‡’¬‚ι,‚ά‚Β‚µ‚ά‚ά‚Ώ‚½‚©‚¬
220,‹{ι§–k•”,‚έ‚β‚¬‚―‚ρ‚Ω‚­‚Τ,0450100,—O’J’¬V’¬— ,‚ν‚­‚β‚Ώ‚ε‚¤‚µ‚ρ‚ά‚Ώ‚¤‚η
220,‹{ι§–k•”,‚έ‚β‚¬‚―‚ρ‚Ω‚­‚Τ,0460602,“μO—¤’¬u’Γμ,‚έ‚Θ‚έ‚³‚ρ‚θ‚­‚Ώ‚ε‚¤‚µ‚Γ‚‚ν
231,H“c§‰έ“μ•”,‚ ‚«‚½‚―‚ρ‚¦‚ρ‚‚ρ‚Θ‚ρ‚Τ,0520100,H“csR‰¤,‚ ‚«‚½‚µ‚³‚ρ‚Μ‚¤
231,H“c§‰έ“μ•”,‚ ‚«‚½‚―‚ρ‚¦‚ρ‚‚ρ‚Θ‚ρ‚Τ,0520101,H“cs—Ya—•Δ–Ψ,‚ ‚«‚½‚µ‚δ‚¤‚ν‚ί‚ί‚«
230,H“c§‰έ–k•”,‚ ‚«‚½‚―‚ρ‚¦‚ρ‚‚ρ‚Ω‚­‚Τ,0520200,”\‘γs—Ξ’¬,‚Μ‚µ‚λ‚µ‚έ‚Η‚θ‚ά‚Ώ
230,H“c§‰έ–k•”,‚ ‚«‚½‚―‚ρ‚¦‚ρ‚‚ρ‚Ω‚­‚Τ,0520201,”\‘γsν”ΥR’J,‚Μ‚µ‚λ‚µ‚Ζ‚«‚ν‚β‚ά‚β
233,H“c§“ΰ—¤“μ•”,‚ ‚«‚½‚―‚ρ‚Θ‚Ά‚θ‚­‚Θ‚ρ‚Τ,0520301,‰΅θs—Y•¨μ’¬΅h,‚ζ‚±‚Δ‚µ‚¨‚ΰ‚Μ‚‚ν‚ά‚Ώ‚Ά‚ά‚µ‚γ‚­
232,H“c§“ΰ—¤–k•”,‚ ‚«‚½‚―‚ρ‚Θ‚Ά‚θ‚­‚Ω‚­‚Τ,0520400,‘εΩs”δ“ΰ’¬–΅‘X“ΰ,‚¨‚¨‚Ύ‚Δ‚µ‚Π‚Θ‚Ά‚ά‚Ώ‚έ‚»‚Θ‚Ά
230,H“c§‰έ–k•”,‚ ‚«‚½‚―‚ρ‚¦‚ρ‚‚ρ‚Ω‚­‚Τ,0520601,’j­s’j­’†,‚¨‚‚µ‚¨‚‚Θ‚©
233,H“c§“ΰ—¤“μ•”,‚ ‚«‚½‚―‚ρ‚Θ‚Ά‚θ‚­‚Θ‚ρ‚Τ,0520700,“’‘ςs‰«’ί,‚δ‚΄‚ν‚µ‚¨‚«‚Β‚ι
231,H“c§‰έ“μ•”,‚ ‚«‚½‚―‚ρ‚¦‚ρ‚‚ρ‚Θ‚ρ‚Τ,0521000,—R—–{‘‘sΞe,‚δ‚θ‚Ω‚ρ‚¶‚ε‚¤‚µ‚Ά‚µ‚ν‚«
232,H“c§“ΰ—¤–k•”,‚ ‚«‚½‚―‚ρ‚Θ‚Ά‚θ‚­‚Ω‚­‚Τ,0521300,–kH“cs‰Τ‰€’¬,‚«‚½‚ ‚«‚½‚µ‚Ν‚Θ‚Ό‚Μ‚Ώ‚ε‚¤
233,H“c§“ΰ—¤“μ•”,‚ ‚«‚½‚―‚ρ‚Θ‚Ά‚θ‚­‚Θ‚ρ‚Τ,0521501,ε–kspΩ’¬’†›‘ς,‚Ή‚ρ‚Ϊ‚­‚µ‚©‚­‚Μ‚Ύ‚Δ‚ά‚Ώ‚Θ‚©‚·‚‚΄‚ν
230,H“c§‰έ–k•”,‚ ‚«‚½‚―‚ρ‚¦‚ρ‚‚ρ‚Ω‚­‚Τ,0536100,άι–Ϊ’¬Όιƒm–Ϊ,‚²‚¶‚ε‚¤‚ί‚ά‚Ώ‚Ι‚µ‚Ά‚»‚Μ‚ί
233,H“c§“ΰ—¤“μ•”,‚ ‚«‚½‚―‚ρ‚Θ‚Ά‚θ‚­‚Θ‚ρ‚Τ,0543400,H“c”ό‹½’¬Z‹½“,‚ ‚«‚½‚έ‚³‚Ζ‚Ώ‚ε‚¤‚λ‚­‚²‚¤‚Π‚‚µ‚Λ
242,R`§‘ΊR,‚β‚ά‚‚½‚―‚ρ‚ή‚η‚β‚ά,0620100,R`s—Ξ’¬,‚β‚ά‚‚½‚µ‚έ‚Η‚θ‚Ώ‚ε‚¤
243,R`§’u’,‚β‚ά‚‚½‚―‚ρ‚¨‚«‚½‚ά,0620200,•Δ‘ςs‰w‘O,‚ζ‚Λ‚΄‚ν‚µ‚¦‚«‚ά‚¦
243,R`§’u’,‚β‚ά‚‚½‚―‚ρ‚¨‚«‚½‚ά,0620201,•Δ‘ςsƒAƒ‹ƒJƒfƒBƒA,‚ζ‚Λ‚΄‚ν‚µ‚ ‚ι‚©‚Ε‚΅‚ 
240,R`§―“ΰ,‚β‚ά‚‚½‚―‚ρ‚µ‚ε‚¤‚Θ‚Ά,0620300,’ί‰s”nκ’¬,‚Β‚ι‚¨‚©‚µ‚Ξ‚Ξ‚Ώ‚ε‚¤
240,R`§―“ΰ,‚β‚ά‚‚½‚―‚ρ‚µ‚ε‚¤‚Θ‚Ά,0620301,’ί‰s‰·Cμ,‚Β‚ι‚¨‚©‚µ‚ ‚Β‚έ‚‚ν
240,R`§―“ΰ,‚β‚ά‚‚½‚―‚ρ‚µ‚ε‚¤‚Θ‚Ά,0620401,π“cs”ς“‡,‚³‚©‚½‚µ‚Ζ‚Ρ‚µ‚ά
240,R`§―“ΰ,‚β‚ά‚‚½‚―‚ρ‚µ‚ε‚¤‚Θ‚Ά,0620402,π“cs‹TƒPθ,‚³‚©‚½‚µ‚©‚ί‚‚³‚«
241,R`§Εγ,‚β‚ά‚‚½‚―‚ρ‚ΰ‚‚έ,0620500,V―s“’J’n“c’¬,‚µ‚ρ‚¶‚ε‚¤‚µ‚Π‚‚µ‚β‚Ώ‚½‚ά‚Ώ
242,R`§‘ΊR,‚β‚ά‚‚½‚―‚ρ‚ή‚η‚β‚ά,0632101,‰Ν–k’¬Ό—Ά,‚©‚Ω‚­‚Ώ‚ε‚¤‚Ι‚µ‚΄‚Ζ
241,R`§Εγ,‚β‚ά‚‚½‚―‚ρ‚ΰ‚‚έ,0636100,R`‹ΰR’¬’†“c,‚β‚ά‚‚½‚©‚Λ‚β‚ά‚ά‚Ώ‚Θ‚©‚Ύ
243,R`§’u’,‚β‚ά‚‚½‚―‚ρ‚¨‚«‚½‚ά,0640100,R`¬‘’¬βδ‘ς,‚β‚ά‚‚½‚¨‚®‚Ι‚ά‚Ώ‚Ά‚ν‚Ά‚΄‚ν
243,R`§’u’,‚β‚ά‚‚½‚―‚ρ‚¨‚«‚½‚ά,0640200,”’‘ι’¬•›,‚µ‚η‚½‚©‚ά‚Ώ‚­‚λ‚‚ΰ
240,R`§―“ΰ,‚β‚ά‚‚½‚―‚ρ‚µ‚ε‚¤‚Θ‚Ά,0646100,—V²’¬—V²,‚δ‚΄‚ά‚Ώ‚δ‚΄
240,R`§―“ΰ,‚β‚ά‚‚½‚―‚ρ‚µ‚ε‚¤‚Θ‚Ά,0646101,—V²’¬¬΄“c,‚δ‚΄‚ά‚Ώ‚¨‚Ν‚η‚Ύ
250,•“‡§’†’Κ‚θ,‚Σ‚­‚µ‚ά‚―‚ρ‚Θ‚©‚Η‚¨‚θ,0720101,•“‡s‰Τ‰€’¬,‚Σ‚­‚µ‚ά‚µ‚Ν‚Θ‚Ό‚Μ‚Ώ‚ε‚¤
252,•“‡§‰ο’Γ,‚Σ‚­‚µ‚ά‚―‚ρ‚ ‚Ά‚Γ,0720201,‰ο’ΓαΌsή–Ψ’¬,‚ ‚Ά‚Γ‚ν‚©‚ά‚Β‚µ‚΄‚Ά‚ΰ‚­‚ά‚Ώ
250,•“‡§’†’Κ‚θ,‚Σ‚­‚µ‚ά‚―‚ρ‚Θ‚©‚Η‚¨‚θ,0720300,SRs’©“ϊ,‚±‚¨‚θ‚β‚ά‚µ‚ ‚³‚Π
251,•“‡§•l’Κ‚θ,‚Σ‚­‚µ‚ά‚―‚ρ‚Ν‚ά‚Η‚¨‚θ,0720400,‚Ά‚ν‚«s¬–Ό•l,‚Ά‚ν‚«‚µ‚¨‚Θ‚Ν‚ά
251,•“‡§•l’Κ‚θ,‚Σ‚­‚µ‚ά‚―‚ρ‚Ν‚ά‚Η‚¨‚θ,0720401,‚Ά‚ν‚«sOa’¬,‚Ά‚ν‚«‚µ‚έ‚ν‚ά‚Ώ
250,•“‡§’†’Κ‚θ,‚Σ‚­‚µ‚ά‚―‚ρ‚Θ‚©‚Η‚¨‚θ,0720500,”’‰Νss“ΰ,‚µ‚η‚©‚ν‚µ‚©‚­‚Θ‚Ά
250,•“‡§’†’Κ‚θ,‚Σ‚­‚µ‚ά‚―‚ρ‚Θ‚©‚Η‚¨‚θ,0721101,“c‘Ίs‘Dψ’¬,‚½‚ή‚η‚µ‚Σ‚Λ‚Π‚«‚ά‚Ώ
251,•“‡§•l’Κ‚θ,‚Σ‚­‚µ‚ά‚―‚ρ‚Ν‚ά‚Η‚¨‚θ,0721200,“μ‘”ns΄’¬‹ζO“‡’¬,‚έ‚Θ‚έ‚»‚¤‚ά‚µ‚Ν‚η‚ά‚Ώ‚­‚έ‚µ‚ά‚Ώ‚ε‚¤
251,•“‡§•l’Κ‚θ,‚Σ‚­‚µ‚ά‚―‚ρ‚Ν‚ά‚Η‚¨‚θ,0721201,“μ‘”ns­“‡‹ζ“ΘE,‚έ‚Θ‚έ‚»‚¤‚ά‚µ‚©‚µ‚ά‚­‚Ζ‚Ώ‚­‚Ϊ
250,•“‡§’†’Κ‚θ,‚Σ‚­‚µ‚ά‚―‚ρ‚Θ‚©‚Η‚¨‚θ,0732201,‘ε‹Κ‘Ί“μ¬‰®,‚¨‚¨‚½‚ά‚ή‚η‚έ‚Θ‚έ‚²‚β
252,•“‡§‰ο’Γ,‚Σ‚­‚µ‚ά‚―‚ρ‚ ‚Ά‚Γ,0736801,“μ‰ο’Γ’¬“c“‡,‚έ‚Θ‚έ‚ ‚Ά‚Γ‚ά‚Ώ‚½‚¶‚ά
252,•“‡§‰ο’Γ,‚Σ‚­‚µ‚ά‚―‚ρ‚ ‚Ά‚Γ,0740501,Ό‰ο’Γ’¬–μ‘ς,‚Ι‚µ‚ ‚Ά‚Γ‚ά‚Ώ‚Μ‚΄‚ν
252,•“‡§‰ο’Γ,‚Σ‚­‚µ‚ά‚―‚ρ‚ ‚Ά‚Γ,0740800,’–•c‘γ’¬ι“μ,‚Ά‚Θ‚ν‚µ‚λ‚ά‚Ώ‚µ‚λ‚έ‚Θ‚έ
252,•“‡§‰ο’Γ,‚Σ‚­‚µ‚ά‚―‚ρ‚ ‚Ά‚Γ,0742300,–φ’Γ’¬‘ε¬‘ς,‚β‚Θ‚Ά‚Γ‚ά‚Ώ‚¨‚¨‚Θ‚θ‚³‚ν
250,•“‡§’†’Κ‚θ,‚Σ‚­‚µ‚ά‚―‚ρ‚Θ‚©‚Η‚¨‚θ,0748101,’I‘q’¬’I‘q’†‹–μ,‚½‚Θ‚®‚η‚ά‚Ώ‚½‚Θ‚®‚η‚Θ‚©‚Ά‚Μ
250,•“‡§’†’Κ‚θ,‚Σ‚­‚µ‚ά‚―‚ρ‚Θ‚©‚Η‚¨‚θ,0750500,Γ“a’¬Όμ‰΅μ,‚Σ‚ι‚Η‚Μ‚ά‚Ώ‚ά‚Β‚©‚ν‚ζ‚±‚©‚ν
251,•“‡§•l’Κ‚θ,‚Σ‚­‚µ‚ά‚―‚ρ‚Ν‚ά‚Η‚¨‚θ,0754400,μ“ΰ‘Ί‰Ίμ“ΰ,‚©‚ν‚¤‚Ώ‚ή‚η‚µ‚ΰ‚©‚ν‚¤‚Ώ
251,•“‡§•l’Κ‚θ,‚Σ‚­‚µ‚ά‚―‚ρ‚Ν‚ά‚Η‚¨‚θ,0754700,Q]’¬τΆ‹΄,‚Θ‚έ‚¦‚ά‚Ώ‚«‚ζ‚Ν‚µ
300,οι§–k•”,‚Ά‚Ξ‚η‚«‚―‚ρ‚Ω‚­‚Τ,0820101,…Λs‹ΰ’¬,‚έ‚Ζ‚µ‚©‚Λ‚ά‚Ώ
301,οι§“μ•”,‚Ά‚Ξ‚η‚«‚―‚ρ‚Θ‚ρ‚Τ,0820301,“y‰Ysν–Ό,‚Β‚Ώ‚¤‚η‚µ‚Π‚½‚Θ
301,οι§“μ•”,‚Ά‚Ξ‚η‚«‚―‚ρ‚Θ‚ρ‚Τ,0820500,Ξ‰s`‰,‚Ά‚µ‚¨‚©‚µ‚©‚«‚¨‚©
300,οι§–k•”,‚Ά‚Ξ‚η‚«‚―‚ρ‚Ω‚­‚Τ,0821200,ν—¤‘Ύ“cs’¬‰®’¬,‚Π‚½‚Ώ‚¨‚¨‚½‚µ‚ά‚Ώ‚β‚Ώ‚ε‚¤
300,οι§–k•”,‚Ά‚Ξ‚η‚«‚―‚ρ‚Ω‚­‚Τ,0822100,‚Π‚½‚Ώ‚Θ‚©sRƒmγ’¬,‚Π‚½‚Ώ‚Θ‚©‚µ‚β‚ά‚Μ‚¤‚¦‚Ώ‚ε‚¤
301,οι§“μ•”,‚Ά‚Ξ‚η‚«‚―‚ρ‚Θ‚ρ‚Τ,0822201,οι­“s”«`,‚Ά‚Ξ‚η‚«‚©‚µ‚ά‚µ‚Ν‚Ώ‚‚½
301,οι§“μ•”,‚Ά‚Ξ‚η‚«‚―‚ρ‚Θ‚ρ‚Τ,0822300,’—s–x”V“ΰ,‚Ά‚½‚±‚µ‚Ω‚θ‚Μ‚¤‚Ώ
300,οι§–k•”,‚Ά‚Ξ‚η‚«‚―‚ρ‚Ω‚­‚Τ,0822500,ν—¤‘ε‹{s’†•x’¬,‚Π‚½‚Ώ‚¨‚¨‚έ‚β‚µ‚Θ‚©‚Ζ‚έ‚Ώ‚ε‚¤
301,οι§“μ•”,‚Ά‚Ξ‚η‚«‚―‚ρ‚Θ‚ρ‚Τ,0822700,’}ΌsM¶,‚Ώ‚­‚Ή‚Ά‚µ‚Σ‚Ι‚γ‚¤
301,οι§“μ•”,‚Ά‚Ξ‚η‚«‚―‚ρ‚Θ‚ρ‚Τ,0822800,β“sβδ,‚Ξ‚ρ‚Η‚¤‚µ‚Ά‚ν‚Ά
301,οι§“μ•”,‚Ά‚Ξ‚η‚«‚―‚ρ‚Θ‚ρ‚Τ,0823400,–g“cs–g“c,‚Ω‚±‚½‚µ‚Ω‚±‚½
301,οι§“μ•”,‚Ά‚Ξ‚η‚«‚―‚ρ‚Θ‚ρ‚Τ,0856400,—’¬•zμ,‚Ζ‚Λ‚ά‚Ώ‚Σ‚©‚ν
311,“Θ–Ψ§“μ•”,‚Ζ‚Ώ‚¬‚―‚ρ‚Θ‚ρ‚Τ,0920100,‰F“s‹{s–Ύ•Ϋ–μ’¬,‚¤‚Β‚Μ‚έ‚β‚µ‚ ‚―‚Ϊ‚Μ‚Ώ‚ε‚¤
311,“Θ–Ψ§“μ•”,‚Ζ‚Ώ‚¬‚―‚ρ‚Θ‚ρ‚Τ,0920300,“Θ–Ψs®’¬,‚Ζ‚Ώ‚¬‚µ‚ ‚³‚Π‚Ώ‚ε‚¤
310,“Θ–Ψ§–k•”,‚Ζ‚Ώ‚¬‚―‚ρ‚Ω‚­‚Τ,0920601,“ϊυs£μ,‚Ι‚Α‚±‚¤‚µ‚Ή‚‚ν
310,“Θ–Ψ§–k•”,‚Ζ‚Ώ‚¬‚―‚ρ‚Ω‚­‚Τ,0920602,“ϊυs’†‹{βK,‚Ι‚Α‚±‚¤‚µ‚Ώ‚γ‚¤‚®‚¤‚µ
310,“Θ–Ψ§–k•”,‚Ζ‚Ώ‚¬‚―‚ρ‚Ω‚­‚Τ,0921000,‘ε“c΄s•‰H“c’¬,‚¨‚¨‚½‚ν‚η‚µ‚­‚λ‚Ξ‚Λ‚½‚ά‚Ώ
310,“Θ–Ψ§–k•”,‚Ζ‚Ώ‚¬‚―‚ρ‚Ω‚­‚Τ,0921300,“ί{‰–΄sε―ΐ,‚Θ‚·‚µ‚¨‚Ξ‚η‚µ‚Π‚«‚Κ‚ά
311,“Θ–Ψ§“μ•”,‚Ζ‚Ώ‚¬‚―‚ρ‚Θ‚ρ‚Τ,0921501,“ί{‰GRs_’·,‚Θ‚·‚©‚η‚·‚β‚ά‚µ‚©‚Θ‚
311,“Θ–Ψ§“μ•”,‚Ζ‚Ώ‚¬‚―‚ρ‚Θ‚ρ‚Τ,0934200,‰vq’¬‰vq,‚ά‚µ‚±‚ά‚Ώ‚ά‚µ‚±
321,Q”n§“μ•”,‚®‚ρ‚ά‚―‚ρ‚Θ‚ρ‚Τ,1020101,‘O‹΄sΊa’¬,‚ά‚¦‚Ξ‚µ‚µ‚µ‚ε‚¤‚ν‚ά‚Ώ
321,Q”n§“μ•”,‚®‚ρ‚ά‚―‚ρ‚Θ‚ρ‚Τ,1020301,‹Λ¶s‹Ρ’¬,‚«‚θ‚γ‚¤‚µ‚Ι‚µ‚«‚Ώ‚ε‚¤
320,Q”n§–k•”,‚®‚ρ‚ά‚―‚ρ‚Ω‚­‚Τ,1020601,ΐ“csΌ‘q“ΰ’¬,‚Κ‚ά‚½‚µ‚Ι‚µ‚­‚η‚¤‚Ώ‚ά‚Ώ
320,Q”n§–k•”,‚®‚ρ‚ά‚―‚ρ‚Ω‚­‚Τ,1020602,ΐ“cs”φ£‚“™wZ,‚Κ‚ά‚½‚µ‚¨‚Ί‚±‚¤‚Ζ‚¤‚‚Α‚±‚¤
321,Q”n§“μ•”,‚®‚ρ‚ά‚―‚ρ‚Θ‚ρ‚Τ,1021000,•x‰sµ“ϊs,‚Ζ‚έ‚¨‚©‚µ‚Θ‚Μ‚©‚Ά‚Ώ
320,Q”n§–k•”,‚®‚ρ‚ά‚―‚ρ‚Ω‚­‚Τ,1042100,’†”Vπ’¬“ϊ‰e,‚Θ‚©‚Μ‚¶‚ε‚¤‚ά‚Ώ‚Π‚©‚°
320,Q”n§–k•”,‚®‚ρ‚ά‚―‚ρ‚Ω‚­‚Τ,1042901,“αΘ’¬΄’¬,‚Π‚‚µ‚ ‚‚Β‚ά‚ά‚Ώ‚Ν‚η‚ά‚Ώ
321,Q”n§“μ•”,‚®‚ρ‚ά‚―‚ρ‚Θ‚ρ‚Τ,1052101,”Β‘q’¬”Β‘q,‚Ά‚½‚­‚η‚ά‚Ώ‚Ά‚½‚­‚η
331,ι‹Κ§“μ•”,‚³‚Ά‚½‚ά‚―‚ρ‚Θ‚ρ‚Τ,1110320,‚³‚Ά‚½‚ά‘ε‹{‹ζ“Vΐ’¬,‚³‚Ά‚½‚ά‚¨‚¨‚έ‚β‚­‚ ‚ά‚Κ‚ά‚Ώ‚ε‚¤
331,ι‹Κ§“μ•”,‚³‚Ά‚½‚ά‚―‚ρ‚Θ‚ρ‚Τ,1110700,‚³‚Ά‚½‚ά‰Ya‹ζ‚»,‚³‚Ά‚½‚ά‚¤‚η‚ν‚­‚½‚©‚³‚²
331,ι‹Κ§“μ•”,‚³‚Ά‚½‚ά‚―‚ρ‚Θ‚ρ‚Τ,1120100,μ‰zs®’¬,‚©‚ν‚²‚¦‚µ‚ ‚³‚Π‚Ώ‚ε‚¤
331,ι‹Κ§“μ•”,‚³‚Ά‚½‚ά‚―‚ρ‚Θ‚ρ‚Τ,1120121,μ‰zsVh’¬,‚©‚ν‚²‚¦‚µ‚ ‚η‚¶‚γ‚­‚ά‚Ώ
330,ι‹Κ§–k•”,‚³‚Ά‚½‚ά‚―‚ρ‚Ω‚­‚Τ,1120200,F’Jsχ’¬,‚­‚ά‚‚β‚µ‚³‚­‚η‚Ώ‚ε‚¤
331,ι‹Κ§“μ•”,‚³‚Ά‚½‚ά‚―‚ρ‚Θ‚ρ‚Τ,1120320,μϋs’†Β–Ψ•Ί,‚©‚ν‚®‚Ώ‚µ‚Θ‚©‚ ‚¨‚«‚Τ‚ρ‚µ‚Β
332,ι‹Κ§’•ƒ,‚³‚Ά‚½‚ά‚―‚ρ‚Ώ‚Ώ‚Τ,1120701,’•ƒsγ’¬,‚Ώ‚Ώ‚Τ‚µ‚©‚έ‚ά‚Ώ
331,ι‹Κ§“μ•”,‚³‚Ά‚½‚ά‚―‚ρ‚Θ‚ρ‚Τ,1120820,‘ςs–k—Ly’¬,‚Ζ‚±‚λ‚΄‚ν‚µ‚«‚½‚δ‚¤‚η‚­‚Ώ‚ε‚¤
331,ι‹Κ§“μ•”,‚³‚Ά‚½‚ά‚―‚ρ‚Θ‚ρ‚Τ,1120901,”Ρ”\s‰Ί’Ό’|,‚Ν‚ρ‚Μ‚¤‚µ‚µ‚ΰ‚Θ‚¨‚½‚―
331,ι‹Κ§“μ•”,‚³‚Ά‚½‚ά‚―‚ρ‚Θ‚ρ‚Τ,1120920,”Ρ”\s–ξ’¬,‚Ν‚ρ‚Μ‚¤‚µ‚»‚β‚Ώ‚ε‚¤
330,ι‹Κ§–k•”,‚³‚Ά‚½‚ά‚―‚ρ‚Ω‚­‚Τ,1121101,–{―s™‹Κ’¬,‚Ω‚ρ‚¶‚ε‚¤‚µ‚±‚Ύ‚ά‚Ώ‚ε‚¤
331,ι‹Κ§“μ•”,‚³‚Ά‚½‚ά‚―‚ρ‚Θ‚ρ‚Τ,1121421,t“ϊ•”s””•Η,‚©‚·‚©‚Χ‚µ‚©‚·‚©‚Χ
330,ι‹Κ§–k•”,‚³‚Ά‚½‚ά‚―‚ρ‚Ω‚­‚Τ,1123200,‹vμs‰Ί‘©,‚­‚«‚µ‚µ‚ΰ‚Ν‚β‚έ
330,ι‹Κ§–k•”,‚³‚Ά‚½‚ά‚―‚ρ‚Ω‚­‚Τ,1134800,”µR’¬‘ε“¤Λ,‚Ν‚Ζ‚β‚ά‚ά‚Ώ‚ά‚ί‚Η
332,ι‹Κ§’•ƒ,‚³‚Ά‚½‚ά‚―‚ρ‚Ώ‚Ώ‚Τ,1136500,¬­–μ’¬—Ό_”–,‚¨‚‚Μ‚ά‚Ώ‚θ‚ε‚¤‚©‚έ‚·‚·‚«
341,η—t§–kΌ•”,‚Ώ‚Ξ‚―‚ρ‚Ω‚­‚Ή‚Ά‚Τ,1210101,η—t’†‰›‹ζ’†‰›`,‚Ώ‚Ξ‚Ώ‚γ‚¤‚¨‚¤‚­‚Ώ‚γ‚¤‚¨‚¤‚±‚¤
341,η—t§–kΌ•”,‚Ώ‚Ξ‚―‚ρ‚Ω‚­‚Ή‚Ά‚Τ,1210420,η—tα—t‹ζ–μC’¬,‚Ώ‚Ξ‚ν‚©‚Ξ‚­‚Μ‚λ‚Ώ‚ε‚¤
341,η—t§–kΌ•”,‚Ώ‚Ξ‚―‚ρ‚Ω‚­‚Ή‚Ά‚Τ,1210600,η—t”ό•l‹ζ‚Π‚Ρ–μ,‚Ώ‚Ξ‚έ‚Ν‚ά‚­‚Π‚Ρ‚Μ
341,η—t§–kΌ•”,‚Ώ‚Ξ‚―‚ρ‚Ω‚­‚Ή‚Ά‚Τ,1210620,η—t”ό•l‹ζξ–ΡCέ,‚Ώ‚Ξ‚έ‚Ν‚ά‚­‚Ά‚Θ‚°‚©‚Ά‚‚ρ
340,η—t§–k“•”,‚Ώ‚Ξ‚―‚ρ‚Ω‚­‚Ζ‚¤‚Τ,1220200,’¶qsμϋ’¬,‚Ώ‚ε‚¤‚µ‚µ‚©‚ν‚®‚Ώ‚Ώ‚ε‚¤
340,η—t§–k“•”,‚Ώ‚Ξ‚―‚ρ‚Ω‚­‚Ζ‚¤‚Τ,1220202,’¶qs¬”¨V’¬,‚Ώ‚ε‚¤‚µ‚µ‚±‚Ξ‚½‚―‚µ‚ρ‚ά‚Ώ
341,η—t§–kΌ•”,‚Ώ‚Ξ‚―‚ρ‚Ω‚­‚Ή‚Ά‚Τ,1220320,sμs‘ε’¬,‚Ά‚Ώ‚©‚ν‚µ‚¨‚¨‚ά‚Ώ
341,η—t§–kΌ•”,‚Ώ‚Ξ‚―‚ρ‚Ω‚­‚Ή‚Ά‚Τ,1220321,sμs–{s“Ώ,‚Ά‚Ώ‚©‚ν‚µ‚Ω‚ρ‚¬‚ε‚¤‚Ζ‚­
342,η—t§“μ•”,‚Ώ‚Ξ‚―‚ρ‚Θ‚ρ‚Τ,1220501,ΩRs’·{‰κ,‚½‚Δ‚β‚ά‚µ‚Θ‚‚·‚©
342,η—t§“μ•”,‚Ώ‚Ξ‚―‚ρ‚Θ‚ρ‚Τ,1220601,–ΨX’Γs‘Ύ“c,‚«‚³‚η‚Γ‚µ‚¨‚¨‚Ύ
341,η—t§–kΌ•”,‚Ώ‚Ξ‚―‚ρ‚Ω‚­‚Ή‚Ά‚Τ,1221101,¬“c‘Ϋ‹σ`,‚Θ‚θ‚½‚±‚­‚³‚Ά‚­‚¤‚±‚¤
341,η—t§–kΌ•”,‚Ώ‚Ξ‚―‚ρ‚Ω‚­‚Ή‚Ά‚Τ,1221102,¬“cs–ΌΓ‰®,‚Θ‚θ‚½‚µ‚Θ‚²‚β
341,η—t§–kΌ•”,‚Ώ‚Ξ‚―‚ρ‚Ω‚­‚Ή‚Ά‚Τ,1221120,¬“cs’†‘δ,‚Θ‚θ‚½‚µ‚Θ‚©‚Ύ‚Ά
340,η—t§–k“•”,‚Ώ‚Ξ‚―‚ρ‚Ω‚­‚Ζ‚¤‚Τ,1221300,“‹ΰs“Vh,‚Ζ‚¤‚‚Λ‚µ‚Π‚‚µ‚µ‚ρ‚¶‚γ‚­
341,η—t§–kΌ•”,‚Ώ‚Ξ‚―‚ρ‚Ω‚­‚Ή‚Ά‚Τ,1221701,”s®’¬,‚©‚µ‚ν‚µ‚ ‚³‚Π‚Ώ‚ε‚¤
342,η—t§“μ•”,‚Ώ‚Ξ‚―‚ρ‚Θ‚ρ‚Τ,1221800,‰Ys–n–Ό,‚©‚Β‚¤‚η‚µ‚Ζ‚Θ
341,η—t§–kΌ•”,‚Ώ‚Ξ‚―‚ρ‚Ω‚­‚Ή‚Ά‚Τ,1221920,s΄soθ,‚Ά‚Ώ‚Ν‚η‚µ‚ ‚Λ‚³‚«
342,η—t§“μ•”,‚Ώ‚Ξ‚―‚ρ‚Θ‚ρ‚Τ,1222300,›μs”F,‚©‚ΰ‚‚ν‚µ‚β‚Ά‚λ
342,η—t§“μ•”,‚Ώ‚Ξ‚―‚ρ‚Θ‚ρ‚Τ,1222301,›μs“ΰ‰Y,‚©‚ΰ‚‚ν‚µ‚¤‚Ώ‚¤‚η
341,η—t§–kΌ•”,‚Ώ‚Ξ‚―‚ρ‚Ω‚­‚Ή‚Ά‚Τ,1222700,‰Yΐs“ϊ‚Μo,‚¤‚η‚β‚·‚µ‚Π‚Μ‚Ε
342,η—t§“μ•”,‚Ώ‚Ξ‚―‚ρ‚Θ‚ρ‚Τ,1223400,“μ–[‘sγ–x,‚έ‚Θ‚έ‚Ϊ‚¤‚»‚¤‚µ‚©‚έ‚Ω‚θ
340,η—t§–k“•”,‚Ώ‚Ξ‚―‚ρ‚Ω‚­‚Ζ‚¤‚Τ,1223602,ζs²΄•½“c,‚©‚Ζ‚θ‚µ‚³‚ν‚η‚Π‚η‚½
340,η—t§–k“•”,‚Ώ‚Ξ‚―‚ρ‚Ω‚­‚Ζ‚¤‚Τ,1223700,R•sΌ”φ’¬•xm©‘δ,‚³‚ρ‚ή‚µ‚ά‚Β‚¨‚ά‚Ώ‚Σ‚¶‚έ‚Ύ‚Ά
340,η—t§–k“•”,‚Ώ‚Ξ‚―‚ρ‚Ω‚­‚Ζ‚¤‚Τ,1234700,‘½Γ’¬‘½Γ,‚½‚±‚ά‚Ώ‚½‚±
340,η—t§–k“•”,‚Ώ‚Ξ‚―‚ρ‚Ω‚­‚Ζ‚¤‚Τ,1242101,κ‹{’¬κ‹{,‚Ά‚Ώ‚Μ‚έ‚β‚ά‚Ώ‚Ά‚Ώ‚Μ‚έ‚β
340,η—t§–k“•”,‚Ώ‚Ξ‚―‚ρ‚Ω‚­‚Ζ‚¤‚Τ,1242700,’·“μ’¬‘‡ƒOƒ‰ƒEƒ“ƒh,‚Ώ‚ε‚¤‚Θ‚ρ‚ά‚Ώ‚»‚¤‚²‚¤‚®‚η‚¤‚ρ‚Η
350,“‹“s‚Q‚R‹ζ,‚Ζ‚¤‚«‚ε‚¤‚Ζ‚Ι‚¶‚γ‚¤‚³‚ρ‚­,1310100,“‹η‘γ“c‹ζ‘εθ’¬,‚Ζ‚¤‚«‚ε‚¤‚Ώ‚ζ‚Ύ‚­‚¨‚¨‚Δ‚ά‚Ώ
350,“‹“s‚Q‚R‹ζ,‚Ζ‚¤‚«‚ε‚¤‚Ζ‚Ι‚¶‚γ‚¤‚³‚ρ‚­,1310300,“‹`‹ζCέ,‚Ζ‚¤‚«‚ε‚¤‚έ‚Θ‚Ζ‚­‚©‚Ά‚‚ρ
350,“‹“s‚Q‚R‹ζ,‚Ζ‚¤‚«‚ε‚¤‚Ζ‚Ι‚¶‚γ‚¤‚³‚ρ‚­,1310400,“‹Vh‹ζΌVh,‚Ζ‚¤‚«‚ε‚¤‚µ‚ρ‚¶‚γ‚­‚­‚Ι‚µ‚µ‚ρ‚¶‚γ‚­
350,“‹“s‚Q‚R‹ζ,‚Ζ‚¤‚«‚ε‚¤‚Ζ‚Ι‚¶‚γ‚¤‚³‚ρ‚­,1310420,“‹Vh‹ζγ—‡,‚Ζ‚¤‚«‚ε‚¤‚µ‚ρ‚¶‚γ‚­‚­‚©‚έ‚¨‚Ώ‚ ‚Ά
350,“‹“s‚Q‚R‹ζ,‚Ζ‚¤‚«‚ε‚¤‚Ζ‚Ι‚¶‚γ‚¤‚³‚ρ‚­,1310700,“‹–n“c‹ζ‰΅μ,‚Ζ‚¤‚«‚ε‚¤‚·‚έ‚Ύ‚­‚ζ‚±‚©‚ν
350,“‹“s‚Q‚R‹ζ,‚Ζ‚¤‚«‚ε‚¤‚Ζ‚Ι‚¶‚γ‚¤‚³‚ρ‚­,1310800,“‹]“‹ζΒC,‚Ζ‚¤‚«‚ε‚¤‚±‚¤‚Ζ‚¤‚­‚ ‚¨‚έ
350,“‹“s‚Q‚R‹ζ,‚Ζ‚¤‚«‚ε‚¤‚Ζ‚Ι‚¶‚γ‚¤‚³‚ρ‚­,1310820,“‹]“‹ζ‰z’†“‡,‚Ζ‚¤‚«‚ε‚¤‚±‚¤‚Ζ‚¤‚­‚¦‚Α‚Ώ‚γ‚¤‚¶‚ά
350,“‹“s‚Q‚R‹ζ,‚Ζ‚¤‚«‚ε‚¤‚Ζ‚Ι‚¶‚γ‚¤‚³‚ρ‚­,1311102,“‹‘Ϋ‹σ`,‚Ζ‚¤‚«‚ε‚¤‚±‚­‚³‚Ά‚­‚¤‚±‚¤
350,“‹“s‚Q‚R‹ζ,‚Ζ‚¤‚«‚ε‚¤‚Ζ‚Ι‚¶‚γ‚¤‚³‚ρ‚­,1311501,“‹™•ΐ‹ζΆ²’J,‚Ζ‚¤‚«‚ε‚¤‚·‚¬‚Θ‚έ‚­‚ ‚³‚‚β
350,“‹“s‚Q‚R‹ζ,‚Ζ‚¤‚«‚ε‚¤‚Ζ‚Ι‚¶‚γ‚¤‚³‚ρ‚­,1312300,“‹]Λμ‹ζ’†‰›,‚Ζ‚¤‚«‚ε‚¤‚¦‚Η‚‚ν‚­‚Ώ‚γ‚¤‚¨‚¤
351,“‹“s‘½–€“•”,‚Ζ‚¤‚«‚ε‚¤‚Ζ‚½‚ά‚Ζ‚¤‚Τ,1320100,”‰¤qs‘ε‰΅’¬,‚Ν‚Ώ‚¨‚¤‚¶‚µ‚¨‚¨‚ζ‚±‚Ώ‚ε‚¤
352,“‹“s‘½–€Ό•”,‚Ζ‚¤‚«‚ε‚¤‚Ζ‚½‚ά‚Ή‚Ά‚Τ,1320501,Β”~s“Β”~,‚¨‚¤‚ί‚µ‚Π‚‚µ‚¨‚¤‚ί
351,“‹“s‘½–€“•”,‚Ζ‚¤‚«‚ε‚¤‚Ζ‚½‚ά‚Ζ‚¤‚Τ,1321402,‘•›s•ΐ–Ψ’¬,‚±‚­‚Τ‚ρ‚¶‚µ‚Θ‚έ‚«‚Ώ‚ε‚¤
355,Ι“¤‘ε“‡,‚Ά‚Έ‚¨‚¨‚µ‚ά,1336103,Ι“¤‘ε“‡’¬·–Ψ’n,‚Ά‚Έ‚¨‚¨‚µ‚ά‚ά‚Ώ‚³‚µ‚«‚¶
355,Ι“¤‘ε“‡,‚Ά‚Έ‚¨‚¨‚µ‚ά,1336104,Ι“¤‘ε“‡’¬³’¬,‚Ά‚Έ‚¨‚¨‚µ‚ά‚ά‚Ώ‚ΰ‚Ζ‚ά‚Ώ
355,Ι“¤‘ε“‡,‚Ά‚Έ‚¨‚¨‚µ‚ά,1336172,Ι“¤‘ε“‡’¬‰“c,‚Ά‚Έ‚¨‚¨‚µ‚ά‚ά‚Ώ‚¨‚©‚½
356,V“‡,‚Ι‚Ά‚¶‚ά,1336200,“‹—“‡‘Ί“R,‚Ζ‚¤‚«‚ε‚¤‚Ζ‚µ‚ά‚ή‚η‚Π‚‚µ‚β‚ά
356,V“‡,‚Ι‚Ά‚¶‚ά,1336300,V“‡‘Ί‘ε΄,‚Ι‚Ά‚¶‚ά‚ή‚η‚¨‚¨‚Ν‚η
356,V“‡,‚Ι‚Ά‚¶‚ά,1336301,V“‡‘Ί®“‡,‚Ι‚Ά‚¶‚ά‚ή‚η‚µ‚«‚Λ‚¶‚ά
354,_’Γ“‡,‚±‚¤‚Γ‚µ‚ά,1336401,_’Γ“‡‘Ί‹ΰ’·,‚±‚¤‚Γ‚µ‚ά‚ή‚η‚«‚ρ‚Θ‚
357,O‘ξ“‡,‚έ‚β‚―‚¶‚ά,1338103,O‘ξ‘Ί_’…,‚έ‚β‚―‚ή‚η‚©‚έ‚Β‚«
357,O‘ξ“‡,‚έ‚β‚―‚¶‚ά,1338104,O‘ξ‘Ί’Ψ“c,‚έ‚β‚―‚ή‚η‚Β‚Ϊ‚½
357,O‘ξ“‡,‚έ‚β‚―‚¶‚ά,1338200,δ‘ “‡‘ΊΌμ,‚έ‚­‚η‚¶‚ά‚ή‚η‚Ι‚µ‚©‚ν
358,”δ“‡,‚Ν‚Ώ‚¶‚ε‚¤‚¶‚ά,1340103,”δ’¬~—§,‚Ν‚Ώ‚¶‚ε‚¤‚ά‚Ώ‚©‚µ‚½‚Δ
358,”δ“‡,‚Ν‚Ώ‚¶‚ε‚¤‚¶‚ά,1340104,”δ’¬O,‚Ν‚Ώ‚¶‚ε‚¤‚ά‚Ώ‚έ‚Β‚Λ
358,”δ“‡,‚Ν‚Ώ‚¶‚ε‚¤‚¶‚ά,1340200,Βƒ–“‡‘Ί,‚ ‚¨‚‚µ‚ά‚ή‚η
359,¬}΄,‚¨‚‚³‚ν‚η,1342100,¬}΄‘Ί•ƒ“‡Ό’¬,‚¨‚‚³‚ν‚η‚ή‚η‚Ώ‚Ώ‚¶‚ά‚Ι‚µ‚ά‚Ώ
359,¬}΄,‚¨‚‚³‚ν‚η,1342101,¬}΄‘Ί•ƒ“‡O“ϊR,‚¨‚‚³‚ν‚η‚ή‚η‚Ώ‚Ώ‚¶‚ά‚έ‚©‚Γ‚«‚β‚ά
359,¬}΄,‚¨‚‚³‚ν‚η,1342103,¬}΄‘Ί•κ“‡,‚¨‚‚³‚ν‚η‚ή‚η‚Ν‚Ν‚¶‚ά
360,_“ήμ§“•”,‚©‚Θ‚‚ν‚―‚ρ‚Ζ‚¤‚Τ,1410199,‰΅•l’ί©‹ζ‘ε•‚Σ“,‚ζ‚±‚Ν‚ά‚Β‚ι‚έ‚­‚Ύ‚Ά‚±‚­‚Σ‚Ζ‚¤
360,_“ήμ§“•”,‚©‚Θ‚‚ν‚―‚ρ‚Ζ‚¤‚Τ,1410400,‰΅•l’†‹ζRθ’¬,‚ζ‚±‚Ν‚ά‚Θ‚©‚­‚β‚ά‚Δ‚Ώ‚ε‚¤
360,_“ήμ§“•”,‚©‚Θ‚‚ν‚―‚ρ‚Ζ‚¤‚Τ,1411220,‰΅•l®‹ζ‘ε’r’¬,‚ζ‚±‚Ν‚ά‚ ‚³‚Π‚­‚¨‚¨‚Ά‚―‚Ώ‚ε‚¤
360,_“ήμ§“•”,‚©‚Θ‚‚ν‚―‚ρ‚Ζ‚¤‚Τ,1413120,μθμθ‹ζ‹{‘O’¬,‚©‚ν‚³‚«‚©‚ν‚³‚«‚­‚έ‚β‚ά‚¦‚Ώ‚ε‚¤
360,_“ήμ§“•”,‚©‚Θ‚‚ν‚―‚ρ‚Ζ‚¤‚Τ,1413300,μθ’†΄‹ζ¬™w‰®’¬,‚©‚ν‚³‚«‚Θ‚©‚Ν‚η‚­‚±‚·‚¬‚¶‚ρ‚β‚Ώ‚ε‚¤
361,_“ήμ§Ό•”,‚©‚Θ‚‚ν‚―‚ρ‚Ή‚Ά‚Τ,1415100,‘–Ν΄—Ξ‹ζα–φ,‚³‚‚έ‚Ν‚η‚έ‚Η‚θ‚­‚ν‚©‚β‚Θ‚¬
361,_“ήμ§Ό•”,‚©‚Θ‚‚ν‚―‚ρ‚Ή‚Ά‚Τ,1415200,‘–Ν΄’†‰›‹ζ’†‰›,‚³‚‚έ‚Ν‚η‚Ώ‚γ‚¤‚¨‚¤‚­‚Ώ‚γ‚¤‚¨‚¤
360,_“ήμ§“•”,‚©‚Θ‚‚ν‚―‚ρ‚Ζ‚¤‚Τ,1420100,‰΅{‰κsυ‚Μ‹u,‚ζ‚±‚·‚©‚µ‚Π‚©‚θ‚Μ‚¨‚©
360,_“ήμ§“•”,‚©‚Θ‚‚ν‚―‚ρ‚Ζ‚¤‚Τ,1420120,‰΅{‰κsβ–{’¬,‚ζ‚±‚·‚©‚µ‚³‚©‚ΰ‚Ζ‚Ώ‚ε‚¤
360,_“ήμ§“•”,‚©‚Θ‚‚ν‚―‚ρ‚Ζ‚¤‚Τ,1420321,•½’ΛsσΤ’¬,‚Π‚η‚Β‚©‚µ‚Ή‚ρ‚°‚ρ‚Ώ‚ε‚¤
360,_“ήμ§“•”,‚©‚Θ‚‚ν‚―‚ρ‚Ζ‚¤‚Τ,1420420,™‘qsδ¬’¬,‚©‚ά‚­‚η‚µ‚¨‚Θ‚θ‚ά‚Ώ
360,_“ήμ§“•”,‚©‚Θ‚‚ν‚―‚ρ‚Ζ‚¤‚Τ,1420521,“΅‘ςs’©“ϊ’¬,‚Σ‚¶‚³‚ν‚µ‚ ‚³‚Π‚Ώ‚ε‚¤
361,_“ήμ§Ό•”,‚©‚Θ‚‚ν‚―‚ρ‚Ή‚Ά‚Τ,1420600,¬“c΄s‹v–μ,‚¨‚Ύ‚ν‚η‚µ‚­‚Μ
360,_“ήμ§“•”,‚©‚Θ‚‚ν‚―‚ρ‚Ζ‚¤‚Τ,1420700,ƒ–θsƒ–θ,‚Ώ‚‚³‚«‚µ‚Ώ‚‚³‚«
360,_“ήμ§“•”,‚©‚Θ‚‚ν‚―‚ρ‚Ζ‚¤‚Τ,1421020,O‰YsιR’¬,‚έ‚¤‚η‚µ‚µ‚λ‚β‚ά‚Ώ‚ε‚¤
361,_“ήμ§Ό•”,‚©‚Θ‚‚ν‚―‚ρ‚Ή‚Ά‚Τ,1421100,`–μs‘]‰®,‚Ν‚Ύ‚Μ‚µ‚»‚β
361,_“ήμ§Ό•”,‚©‚Θ‚‚ν‚―‚ρ‚Ή‚Ά‚Τ,1438401,“’‰Ν΄’¬’†‰›,‚δ‚‚ν‚η‚ά‚Ώ‚Ώ‚γ‚¤‚¨‚¤
372,Vƒ§‰Ί‰z,‚Ι‚Ά‚‚½‚―‚ρ‚©‚¦‚Β,1510200,Vƒ‹σ`,‚Ι‚Ά‚‚½‚­‚¤‚±‚¤
372,Vƒ§‰Ί‰z,‚Ι‚Ά‚‚½‚―‚ρ‚©‚¦‚Β,1510301,Vƒ’†‰›‹ζ”όη’¬,‚Ι‚Ά‚‚½‚Ώ‚γ‚¤‚¨‚¤‚­‚έ‚³‚«‚Ώ‚ε‚¤
372,Vƒ§‰Ί‰z,‚Ι‚Ά‚‚½‚―‚ρ‚©‚¦‚Β,1510500,VƒH—t‹ζ’φ“‡,‚Ι‚Ά‚‚½‚ ‚«‚Ν‚­‚Ω‚Η‚¶‚ά
372,Vƒ§‰Ί‰z,‚Ι‚Ά‚‚½‚―‚ρ‚©‚¦‚Β,1510800,VƒΌ—‹ζ–π,‚Ι‚Ά‚‚½‚Ι‚µ‚©‚ρ‚­‚β‚­‚µ‚ε
371,Vƒ§’†‰z,‚Ι‚Ά‚‚½‚―‚ρ‚Ώ‚γ‚¤‚¦‚Β,1520200,’·‰sK’¬,‚Θ‚‚¨‚©‚µ‚³‚Ά‚ν‚Ά‚Ώ‚ε‚¤
371,Vƒ§’†‰z,‚Ι‚Ά‚‚½‚―‚ρ‚Ώ‚γ‚¤‚¦‚Β,1520800,¬η’Jsι“ΰ,‚¨‚ΐ‚β‚µ‚¶‚ε‚¤‚Θ‚Ά
372,Vƒ§‰Ί‰z,‚Ι‚Ά‚‚½‚―‚ρ‚©‚¦‚Β,1521200,‘Ίγs‰–’¬,‚ή‚η‚©‚έ‚µ‚µ‚¨‚ά‚Ώ
370,Vƒ§γ‰z,‚Ι‚Ά‚‚½‚―‚ρ‚¶‚ε‚¤‚¦‚Β,1521600,…‹›μsκ‚Μ‹{,‚Ά‚Ζ‚Ά‚‚ν‚µ‚Ά‚Ώ‚Μ‚έ‚β
372,Vƒ§‰Ί‰z,‚Ι‚Ά‚‚½‚―‚ρ‚©‚¦‚Β,1521801,άςs‘ΊΌ‰³,‚²‚Ή‚ρ‚µ‚ή‚η‚ά‚Β‚¨‚Β
370,Vƒ§γ‰z,‚Ι‚Ά‚‚½‚―‚ρ‚¶‚ε‚¤‚¦‚Β,1522201,γ‰zs’†ƒm–“,‚¶‚ε‚¤‚¦‚Β‚µ‚Θ‚©‚Μ‚ά‚½
370,Vƒ§γ‰z,‚Ι‚Ά‚‚½‚―‚ρ‚¶‚ε‚¤‚¦‚Β,1522202,γ‰zs‘εθ’¬,‚¶‚ε‚¤‚¦‚Β‚µ‚¨‚¨‚Δ‚ά‚Ώ
372,Vƒ§‰Ί‰z,‚Ι‚Ά‚‚½‚―‚ρ‚©‚¦‚Β,1522300,Ά‰κ–μs”¨],‚ ‚‚Μ‚µ‚Ν‚½‚¦
375,Vƒ§²“n,‚Ι‚Ά‚‚½‚―‚ρ‚³‚Η,1522401,²“ns‘μ‹ΰR,‚³‚Η‚µ‚ ‚Ά‚©‚ν‚«‚ρ‚΄‚ρ
375,Vƒ§²“n,‚Ι‚Ά‚‚½‚―‚ρ‚³‚Η,1522402,²“ns‘μO’¬–Ϊ,‚³‚Η‚µ‚ ‚Ά‚©‚ν‚³‚ρ‚Ώ‚ε‚¤‚ί
371,Vƒ§’†‰z,‚Ι‚Ά‚‚½‚―‚ρ‚Ώ‚γ‚¤‚¦‚Β,1522501,‹›ΐs‰Ίά—§,‚¤‚¨‚Κ‚ά‚µ‚µ‚ΰ‚¨‚θ‚½‚Δ
371,Vƒ§’†‰z,‚Ι‚Ά‚‚½‚―‚ρ‚Ώ‚γ‚¤‚¦‚Β,1522600,“μ‹›ΐsZ“ϊ’¬,‚έ‚Θ‚έ‚¤‚¨‚Κ‚ά‚µ‚ή‚Ά‚©‚ά‚Ώ
372,Vƒ§‰Ί‰z,‚Ι‚Ά‚‚½‚―‚ρ‚©‚¦‚Β,1522700,‘Ω“ΰsVa’¬,‚½‚Ά‚Θ‚Ά‚µ‚µ‚ρ‚ν‚Ώ‚ε‚¤
371,Vƒ§’†‰z,‚Ι‚Ά‚‚½‚―‚ρ‚Ώ‚γ‚¤‚¦‚Β,1540500,o‰_θ’¬•Δ“c,‚Ά‚Έ‚ΰ‚΄‚«‚ά‚Ώ‚±‚ί‚Ύ
372,Vƒ§‰Ί‰z,‚Ι‚Ά‚‚½‚―‚ρ‚©‚¦‚Β,1558600,Ύ“‡‰Y‘Ίω”¨,‚ ‚ν‚µ‚ά‚¤‚η‚ή‚η‚³‚³‚Ξ‚½‚―
380,•xR§“•”,‚Ζ‚β‚ά‚―‚ρ‚Ζ‚¤‚Τ,1620100,•xRsΞβ,‚Ζ‚β‚ά‚µ‚Ά‚µ‚³‚©
380,•xR§“•”,‚Ζ‚β‚ά‚―‚ρ‚Ζ‚¤‚Τ,1620102,•xRs””φ’¬•“‡,‚Ζ‚β‚ά‚µ‚β‚Β‚¨‚ά‚Ώ‚Σ‚­‚¶‚ά
381,•xR§Ό•”,‚Ζ‚β‚ά‚―‚ρ‚Ή‚Ά‚Τ,1620200,‚‰s•–Ψ,‚½‚©‚¨‚©‚µ‚Σ‚µ‚«
380,•xR§“•”,‚Ζ‚β‚ά‚―‚ρ‚Ζ‚¤‚Τ,1620400,‹›’Γsί‰ή“°,‚¤‚¨‚Γ‚µ‚µ‚α‚©‚Η‚¤
381,•xR§Ό•”,‚Ζ‚β‚ά‚―‚ρ‚Ή‚Ά‚Τ,1620901,¬–ξ•”sς’¬,‚¨‚β‚Χ‚µ‚Ά‚Έ‚έ‚Ώ‚ε‚¤
381,•xR§Ό•”,‚Ζ‚β‚ά‚―‚ρ‚Ή‚Ά‚Τ,1621001,“μ“vs“V’r,‚Θ‚ρ‚Ζ‚µ‚ ‚ά‚Ά‚―
380,•xR§“•”,‚Ζ‚β‚ά‚―‚ρ‚Ζ‚¤‚Τ,1632300,—§R’¬‹g•τ,‚½‚Δ‚β‚ά‚ά‚Ώ‚ζ‚µ‚έ‚Λ
380,•xR§“•”,‚Ζ‚β‚ά‚―‚ρ‚Ζ‚¤‚Τ,1634300,•xR’©“ϊ’¬“Ή‰Ί,‚Ζ‚β‚ά‚ ‚³‚Π‚ά‚Ώ‚Η‚¤‚°
391,Ξμ§‰Α‰κ,‚Ά‚µ‚©‚ν‚―‚ρ‚©‚,1720100,‹ΰ‘ςsΌ”O,‚©‚Θ‚΄‚ν‚µ‚³‚Ά‚Λ‚ρ
390,Ξμ§”\“o,‚Ά‚µ‚©‚ν‚―‚ρ‚Μ‚Ζ,1720200,µ”φs–{•{’†’¬,‚Θ‚Θ‚¨‚µ‚ΰ‚Ζ‚Σ‚Ώ‚γ‚¤‚ά‚Ώ
391,Ξμ§‰Α‰κ,‚Ά‚µ‚©‚ν‚―‚ρ‚©‚,1720300,¬Όs¬”no’¬,‚±‚ά‚Β‚µ‚±‚ρ‚ά‚Ε‚ά‚Ώ
390,Ξμ§”\“o,‚Ά‚µ‚©‚ν‚―‚ρ‚Μ‚Ζ,1720401,—Φ“‡sδw‘q“‡,‚ν‚¶‚ά‚µ‚Φ‚®‚η‚¶‚ά
390,Ξμ§”\“o,‚Ά‚µ‚©‚ν‚―‚ρ‚Μ‚Ζ,1720402,—Φ“‡s–P’¬,‚ν‚¶‚ά‚µ‚Σ‚°‚µ‚ά‚Ώ
390,Ξμ§”\“o,‚Ά‚µ‚©‚ν‚―‚ρ‚Μ‚Ζ,1720500,μFsOθ’¬,‚·‚Έ‚µ‚έ‚³‚«‚ά‚Ώ
391,Ξμ§‰Α‰κ,‚Ά‚µ‚©‚ν‚―‚ρ‚©‚,1720600,‰Α‰κs’Ό‰Ί’¬,‚©‚‚µ‚»‚»‚θ‚ά‚Ώ
390,Ξμ§”\“o,‚Ά‚µ‚©‚ν‚―‚ρ‚Μ‚Ζ,1720700,‰Hξs–φ“c’¬,‚Ν‚­‚Ά‚µ‚β‚Θ‚Ά‚Ύ‚ά‚Ώ
391,Ξμ§‰Α‰κ,‚Ά‚µ‚©‚ν‚―‚ρ‚©‚,1736101,’Γ”¦’¬‰Α‰κ’ά,‚Β‚Ξ‚½‚ά‚Ώ‚©‚‚Β‚ί
390,Ξμ§”\“o,‚Ά‚µ‚©‚ν‚―‚ρ‚Μ‚Ζ,1738400,u‰κ’¬•x——Μ‰Ζ’¬,‚µ‚©‚ά‚Ώ‚Ζ‚¬‚θ‚ε‚¤‚―‚ά‚Ώ
390,Ξμ§”\“o,‚Ά‚µ‚©‚ν‚―‚ρ‚Μ‚Ζ,1746301,”\“o’¬‰Fo’Γ,‚Μ‚Ζ‚Ώ‚ε‚¤‚¤‚µ‚Β
400,•δ§—δ–k,‚Σ‚­‚Ά‚―‚ρ‚κ‚Ά‚Ω‚­,1820100,•δs–L“‡,‚Σ‚­‚Ά‚µ‚Ζ‚ζ‚µ‚ά
401,•δ§—δ“μ,‚Σ‚­‚Ά‚―‚ρ‚κ‚Ά‚Θ‚ρ,1820200,“Φ‰κsΌ‰h’¬,‚Β‚ι‚‚µ‚ά‚Β‚¦‚Ώ‚ε‚¤
400,•δ§—δ–k,‚Σ‚­‚Ά‚―‚ρ‚κ‚Ά‚Ω‚­,1820600,Rs®’¬,‚©‚Β‚β‚ά‚µ‚ ‚³‚Π‚ά‚Ώ
400,•δ§—δ–k,‚Σ‚­‚Ά‚―‚ρ‚κ‚Ά‚Ω‚­,1820900,‰z‘Os‚£,‚¦‚Ώ‚Ί‚ρ‚µ‚½‚©‚Ή
400,•δ§—δ–k,‚Σ‚­‚Ά‚―‚ρ‚κ‚Ά‚Ω‚­,1821001,•δβδsO‘’¬wƒP‰,‚Σ‚­‚Ά‚³‚©‚Ά‚µ‚έ‚­‚Ι‚Ώ‚ε‚¤‚¶‚ρ‚‚¨‚©
401,•δ§—δ“μ,‚Σ‚­‚Ά‚―‚ρ‚κ‚Ά‚Θ‚ρ,1844200,•δ”ό•l’¬V―,‚Σ‚­‚Ά‚έ‚Ν‚ά‚Ώ‚ε‚¤‚µ‚ρ‚¶‚ε‚¤
401,•δ§—δ“μ,‚Σ‚­‚Ά‚―‚ρ‚κ‚Ά‚Θ‚ρ,1848101,‚•l’¬‹{θ,‚½‚©‚Ν‚ά‚Ώ‚ε‚¤‚έ‚β‚΄‚«
411,R—§’†EΌ•”,‚β‚ά‚Θ‚µ‚―‚ρ‚Ώ‚γ‚¤‚Ή‚Ά‚Τ,1920100,b•{s”Ρ“c,‚±‚¤‚Σ‚µ‚Ά‚Ά‚Ύ
412,R—§“•”E•xmάΞ,‚β‚ά‚Θ‚µ‚―‚ρ‚Ζ‚¤‚Τ‚Σ‚¶‚²‚±,1920601,‘εs‘ε,‚¨‚¨‚Β‚«‚µ‚¨‚¨‚Β‚«
412,R—§“•”E•xmάΞ,‚β‚ά‚Θ‚µ‚―‚ρ‚Ζ‚¤‚Τ‚Σ‚¶‚²‚±,1921202,γ–μ΄sl•ϋ’Γ,‚¤‚¦‚Μ‚Ν‚η‚µ‚µ‚¨‚Β
411,R—§’†EΌ•”,‚β‚ά‚Θ‚µ‚―‚ρ‚Ώ‚γ‚¤‚Ή‚Ά‚Τ,1921300,bBs‰–R‰Ί‰—‘],‚±‚¤‚µ‚γ‚¤‚µ‚¦‚ρ‚΄‚ρ‚µ‚ΰ‚¨‚Ό
411,R—§’†EΌ•”,‚β‚ά‚Θ‚µ‚―‚ρ‚Ώ‚γ‚¤‚Ή‚Ά‚Τ,1936500,g‰„’¬‘ει¬ι,‚έ‚Μ‚Τ‚Ώ‚ε‚¤‚¨‚¨‚Ά‚»‚±‚Ά‚»
412,R—§“•”E•xmάΞ,‚β‚ά‚Θ‚µ‚―‚ρ‚Ζ‚¤‚Τ‚Σ‚¶‚²‚±,1943002,•xm‰ΝϋΞ’¬‘D’Γ,‚Σ‚¶‚©‚ν‚®‚Ώ‚±‚ά‚Ώ‚Σ‚Θ‚Β
420,’·–μ§–k•”,‚Θ‚‚Μ‚―‚ρ‚Ω‚­‚Τ,2020100,’·–μs” ΄…,‚Θ‚‚Μ‚µ‚Ν‚±‚µ‚έ‚Έ
420,’·–μ§–k•”,‚Θ‚‚Μ‚―‚ρ‚Ω‚­‚Τ,2020102,’·–μsΌ‘γ,‚Θ‚‚Μ‚µ‚ά‚Β‚µ‚λ
421,’·–μ§’†•”,‚Θ‚‚Μ‚―‚ρ‚Ώ‚γ‚¤‚Τ,2020201,Ό–{s‘ς‘Ί,‚ά‚Β‚ΰ‚Ζ‚µ‚³‚ν‚ή‚η
421,’·–μ§’†•”,‚Θ‚‚Μ‚―‚ρ‚Ώ‚γ‚¤‚Τ,2020301,γ“cs’z’n,‚¤‚¦‚Ύ‚µ‚Β‚Ά‚¶
422,’·–μ§“μ•”,‚Θ‚‚Μ‚―‚ρ‚Θ‚ρ‚Τ,2020502,”Ρ“cs‚‰H’¬,‚Ά‚Ά‚Ύ‚µ‚½‚©‚Ν‚Ώ‚ε‚¤
421,’·–μ§’†•”,‚Θ‚‚Μ‚―‚ρ‚Ώ‚γ‚¤‚Τ,2020600,z–KsΞέ’Κ‚θ,‚·‚ν‚µ‚±‚‚ρ‚Η‚¨‚θ
422,’·–μ§“μ•”,‚Θ‚‚Μ‚―‚ρ‚Θ‚ρ‚Τ,2020900,Ι“ίs‚‰“’¬tϋ,‚Ά‚Θ‚µ‚½‚©‚Ζ‚¨‚ά‚Ώ‚Ξ‚η‚®‚Ώ
420,’·–μ§–k•”,‚Θ‚‚Μ‚―‚ρ‚Ω‚­‚Τ,2021200,‘ε’¬s–π,‚¨‚¨‚ά‚Ώ‚µ‚β‚­‚µ‚ε
421,’·–μ§’†•”,‚Θ‚‚Μ‚―‚ρ‚Ώ‚γ‚¤‚Τ,2021700,²‹vs‰Ί¬“cΨ,‚³‚­‚µ‚µ‚ΰ‚¨‚½‚¬‚θ
421,’·–μ§’†•”,‚Θ‚‚Μ‚―‚ρ‚Ώ‚γ‚¤‚Τ,2022001,ΐ“ά–μs•δ‚x,‚ ‚Γ‚έ‚Μ‚µ‚Ω‚½‚©‚µ‚µ‚ε
421,’·–μ§’†•”,‚Θ‚‚Μ‚―‚ρ‚Ώ‚γ‚¤‚Τ,2032101,yδ‘ς’¬’Η•,‚©‚ι‚Ά‚΄‚ν‚ά‚Ώ‚¨‚Ά‚ν‚―
422,’·–μ§“μ•”,‚Θ‚‚Μ‚―‚ρ‚Θ‚ρ‚Τ,2038200,’C–μ’¬’†‰›,‚½‚Β‚Μ‚ά‚Ώ‚Ώ‚γ‚¤‚¨‚¤
422,’·–μ§“μ•”,‚Θ‚‚Μ‚―‚ρ‚Θ‚ρ‚Τ,2038401,”Ρ“‡’¬”Ρ“‡,‚Ά‚Ά‚¶‚ά‚ά‚Ώ‚Ά‚Ά‚¶‚ά
422,’·–μ§“μ•”,‚Θ‚‚Μ‚―‚ρ‚Θ‚ρ‚Τ,2041400,‘Χ•‘Ί—‹v•Ϋ,‚β‚·‚¨‚©‚ή‚η‚Θ‚µ‚­‚Ϊ
421,’·–μ§’†•”,‚Θ‚‚Μ‚―‚ρ‚Ώ‚γ‚¤‚Τ,2045201,’}–k‘Ίβδ,‚Ώ‚­‚Ω‚­‚ή‚η‚³‚©‚Ά
420,’·–μ§–k•”,‚Θ‚‚Μ‚―‚ρ‚Ω‚­‚Τ,2056100,Rƒm“ΰ’¬•½‰Έ,‚β‚ά‚Μ‚¤‚Ώ‚ά‚Ώ‚Π‚η‚¨
432,ς•§”ό”Z’†Ό•”,‚¬‚Σ‚―‚ρ‚έ‚Μ‚Ώ‚γ‚¤‚Ή‚Ά‚Τ,2120100,ς•s‰Α”[“ρ”VΫ,‚¬‚Σ‚µ‚©‚Μ‚¤‚Ι‚Μ‚ά‚ι
430,ς•§”ς‘Λ,‚¬‚Σ‚―‚ρ‚Π‚Ύ,2120301,‚Rs’O¶μ’¬X•”,‚½‚©‚β‚ά‚µ‚Ι‚γ‚¤‚©‚ν‚Ώ‚ε‚¤‚ΰ‚θ‚Τ
430,ς•§”ς‘Λ,‚¬‚Σ‚―‚ρ‚Π‚Ύ,2120302,‚Rs‹Λ¶’¬,‚½‚©‚β‚ά‚µ‚«‚θ‚¤‚ά‚Ώ
431,ς•§”ό”Z“•”,‚¬‚Σ‚―‚ρ‚έ‚Μ‚Ζ‚¤‚Τ,2120600,’†’Γμs‚©‚β‚Μ–Ψ’¬,‚Θ‚©‚Β‚‚ν‚µ‚©‚β‚Μ‚«‚Ώ‚ε‚¤
431,ς•§”ό”Z“•”,‚¬‚Σ‚―‚ρ‚έ‚Μ‚Ζ‚¤‚Τ,2121100,”ό”Z‰Α–Ξs‘Ύ“c’¬,‚έ‚Μ‚©‚ΰ‚µ‚¨‚¨‚½‚Ώ‚ε‚¤
432,ς•§”ό”Z’†Ό•”,‚¬‚Σ‚―‚ρ‚έ‚Μ‚Ώ‚γ‚¤‚Ή‚Ά‚Τ,2121501,ς•R§s’J‡‰^“®κ,‚¬‚Σ‚β‚ά‚‚½‚µ‚½‚Ι‚ ‚Ά‚¤‚ρ‚Η‚¤‚¶‚ε‚¤
430,ς•§”ς‘Λ,‚¬‚Σ‚―‚ρ‚Π‚Ύ,2121701,”ς‘Λs_‰’¬“a,‚Π‚Ύ‚µ‚©‚έ‚¨‚©‚Ώ‚ε‚¤‚Ζ‚Μ
432,ς•§”ό”Z’†Ό•”,‚¬‚Σ‚―‚ρ‚έ‚Μ‚Ώ‚γ‚¤‚Ή‚Ά‚Τ,2121900,Sγs””¦’¬“‡’J,‚®‚¶‚ε‚¤‚µ‚Ν‚Ώ‚ά‚ρ‚Ώ‚ε‚¤‚µ‚ά‚Ύ‚Ι
430,ς•§”ς‘Λ,‚¬‚Σ‚―‚ρ‚Π‚Ύ,2122000,‰ΊCsX,‚°‚λ‚µ‚ΰ‚θ
432,ς•§”ό”Z’†Ό•”,‚¬‚Σ‚―‚ρ‚έ‚Μ‚Ώ‚γ‚¤‚Ή‚Ά‚Τ,2140102,—K”γμ’¬O—Φ,‚Ά‚Ρ‚‚ν‚Ώ‚ε‚¤‚έ‚ν
431,ς•§”ό”Z“•”,‚¬‚Σ‚―‚ρ‚έ‚Μ‚Ζ‚¤‚Τ,2150600,”’μ’¬•μ,‚µ‚η‚©‚ν‚Ώ‚ε‚¤‚­‚λ‚©‚ν
442,Γ‰§’†•”,‚µ‚Έ‚¨‚©‚―‚ρ‚Ώ‚γ‚¤‚Τ,2210201,Γ‰x‰Ν‹ζ‹Θ‹ΰ,‚µ‚Έ‚¨‚©‚·‚ι‚‚­‚ά‚‚θ‚©‚Λ
442,Γ‰§’†•”,‚µ‚Έ‚¨‚©‚―‚ρ‚Ώ‚γ‚¤‚Τ,2210300,Γ‰΄…‹ζηΞ’¬,‚µ‚Έ‚¨‚©‚µ‚έ‚Έ‚­‚Ώ‚Ζ‚Ή‚Ώ‚ε‚¤
443,Γ‰§Ό•”,‚µ‚Έ‚¨‚©‚―‚ρ‚Ή‚Ά‚Τ,2213801,•lΌ’†‰›‹ζ‚‹u“,‚Ν‚ά‚ά‚Β‚Ώ‚γ‚¤‚¨‚¤‚­‚½‚©‚¨‚©‚Π‚‚µ
443,Γ‰§Ό•”,‚µ‚Έ‚¨‚©‚―‚ρ‚Ή‚Ά‚Τ,2213900,•lΌ•l–Ό‹ζOƒ–“ϊ’¬,‚Ν‚ά‚ά‚Β‚Ν‚ά‚Θ‚­‚έ‚Α‚©‚Ρ‚Ώ‚ε‚¤
443,Γ‰§Ό•”,‚µ‚Έ‚¨‚©‚―‚ρ‚Ή‚Ά‚Τ,2213901,•lΌ•l–Ό‹ζ‘κ‘ς’¬,‚Ν‚ά‚ά‚Β‚Ν‚ά‚Θ‚­‚½‚«‚³‚ν‚Ώ‚ε‚¤
440,Γ‰§Ι“¤,‚µ‚Έ‚¨‚©‚―‚ρ‚Ά‚Έ,2220501,”MCs–Τ‘γ,‚ ‚½‚έ‚µ‚ ‚¶‚λ
441,Γ‰§“•”,‚µ‚Έ‚¨‚©‚―‚ρ‚Ζ‚¤‚Τ,2220601,O“‡s“–{’¬,‚έ‚µ‚ά‚µ‚Π‚‚µ‚Ω‚ρ‚Ώ‚ε‚¤
441,Γ‰§“•”,‚µ‚Έ‚¨‚©‚―‚ρ‚Ζ‚¤‚Τ,2220701,•xm‹{s‹|‘ς’¬,‚Σ‚¶‚Μ‚έ‚β‚µ‚δ‚έ‚΄‚ν‚Ώ‚ε‚¤
440,Γ‰§Ι“¤,‚µ‚Έ‚¨‚©‚―‚ρ‚Ά‚Έ,2220800,Ι“s‘ε΄,‚Ά‚Ζ‚¤‚µ‚¨‚¨‚Ν‚η
442,Γ‰§’†•”,‚µ‚Έ‚¨‚©‚―‚ρ‚Ώ‚γ‚¤‚Τ,2220901,“‡“csμ’¬‰ΖR,‚µ‚ά‚Ύ‚µ‚©‚ν‚Λ‚Ώ‚ε‚¤‚Ά‚¦‚β‚ά
442,Γ‰§’†•”,‚µ‚Έ‚¨‚©‚―‚ρ‚Ώ‚γ‚¤‚Τ,2220903,“‡“cs³“‡“c,‚µ‚ά‚Ύ‚µ‚ΰ‚Ζ‚µ‚ά‚Ύ
441,Γ‰§“•”,‚µ‚Έ‚¨‚©‚―‚ρ‚Ζ‚¤‚Τ,2221000,•xms•xm‘‡‰^“®φ‰€,‚Σ‚¶‚µ‚Σ‚¶‚»‚¤‚²‚¤‚¤‚ρ‚Η‚¤‚±‚¤‚¦‚ρ
443,Γ‰§Ό•”,‚µ‚Έ‚¨‚©‚―‚ρ‚Ή‚Ά‚Τ,2221300,|μsΒκ,‚©‚―‚‚ν‚µ‚µ‚Μ‚ρ‚Ξ
441,Γ‰§“•”,‚µ‚Έ‚¨‚©‚―‚ρ‚Ζ‚¤‚Τ,2221500,δ“aκs”‹΄,‚²‚Δ‚ρ‚Ξ‚µ‚Ν‚¬‚ν‚η
443,Γ‰§Ό•”,‚µ‚Έ‚¨‚©‚―‚ρ‚Ή‚Ά‚Τ,2221600,‘άδsV‰®,‚Σ‚­‚λ‚Ά‚µ‚ ‚η‚β
440,Γ‰§Ι“¤,‚µ‚Έ‚¨‚©‚―‚ρ‚Ά‚Έ,2221900,‰Ί“cs‰Α‘–μ,‚µ‚ΰ‚Ύ‚µ‚©‚Ό‚¤‚Μ
440,Γ‰§Ι“¤,‚µ‚Έ‚¨‚©‚―‚ρ‚Ά‚Έ,2222200,Ι“¤s’†Ι“¤ƒOƒ‰ƒEƒ“ƒh,‚Ά‚Έ‚µ‚Θ‚©‚Ά‚Έ‚®‚η‚¤‚ρ‚Η
443,Γ‰§Ό•”,‚µ‚Έ‚¨‚©‚―‚ρ‚Ή‚Ά‚Τ,2222301,δ‘Oθsδ‘Oθ,‚¨‚ά‚¦‚΄‚«‚µ‚¨‚ά‚¦‚΄‚«
442,Γ‰§’†•”,‚µ‚Έ‚¨‚©‚―‚ρ‚Ώ‚γ‚¤‚Τ,2222600,–q”V΄s‹S—V“c,‚ά‚«‚Μ‚Ν‚η‚µ‚«‚¶‚ε‚µ‚ρ‚Ε‚ρ
440,Γ‰§Ι“¤,‚µ‚Έ‚¨‚©‚―‚ρ‚Ά‚Έ,2230402,“μΙ“¤’¬ΞLθ,‚έ‚Θ‚έ‚Ά‚Έ‚Ώ‚ε‚¤‚Ά‚λ‚¤‚΄‚«
451,¤’m§Ό•”,‚ ‚Ά‚Ώ‚―‚ρ‚Ή‚Ά‚Τ,2310100,–ΌΓ‰®ην‹ζ“ϊa’¬,‚Θ‚²‚β‚Ώ‚­‚³‚­‚Π‚ζ‚θ‚Ώ‚ε‚¤
451,¤’m§Ό•”,‚ ‚Ά‚Ώ‚―‚ρ‚Ή‚Ά‚Τ,2311420,–ΌΓ‰®—Ξ‹ζ—LΌ’¬,‚Θ‚²‚β‚έ‚Η‚θ‚­‚ ‚θ‚ά‚Β‚Ώ‚ε‚¤
450,¤’m§“•”,‚ ‚Ά‚Ώ‚―‚ρ‚Ζ‚¤‚Τ,2320100,–L‹΄sόR,‚Ζ‚ζ‚Ν‚µ‚µ‚ή‚©‚Ά‚β‚ά
451,¤’m§Ό•”,‚ ‚Ά‚Ώ‚―‚ρ‚Ή‚Ά‚Τ,2320201,‰θsα‹{’¬,‚¨‚©‚΄‚«‚µ‚ν‚©‚έ‚β‚Ώ‚ε‚¤
451,¤’m§Ό•”,‚ ‚Ά‚Ώ‚―‚ρ‚Ή‚Ά‚Τ,2320300,κ‹{sηH,‚Ά‚Ώ‚Μ‚έ‚β‚µ‚Ώ‚ ‚«
451,¤’m§Ό•”,‚ ‚Ά‚Ώ‚―‚ρ‚Ή‚Ά‚Τ,2321100,–L“cs¬β–{’¬,‚Ζ‚ζ‚½‚µ‚±‚΄‚©‚Ω‚ρ‚ά‚Ώ
451,¤’m§Ό•”,‚ ‚Ά‚Ώ‚―‚ρ‚Ή‚Ά‚Τ,2321101,–L“cs‘ε“΄’¬,‚Ζ‚ζ‚½‚µ‚¨‚¨‚Ϊ‚η‚Ώ‚ε‚¤
451,¤’m§Ό•”,‚ ‚Ά‚Ώ‚―‚ρ‚Ή‚Ά‚Τ,2321120,–L“cs¬β’¬,‚Ζ‚ζ‚½‚µ‚±‚΄‚©‚Ώ‚ε‚¤
451,¤’m§Ό•”,‚ ‚Ά‚Ώ‚―‚ρ‚Ή‚Ά‚Τ,2321121,–L“cs“΅‰”Ρ–μ’¬,‚Ζ‚ζ‚½‚µ‚Σ‚¶‚¨‚©‚Ά‚Ά‚Μ‚Ώ‚ε‚¤
451,¤’m§Ό•”,‚ ‚Ά‚Ώ‚―‚ρ‚Ή‚Ά‚Τ,2321220,ΐιsaς’¬,‚ ‚ρ‚¶‚ε‚¤‚µ‚Ά‚Έ‚έ‚Ώ‚ε‚¤
451,¤’m§Ό•”,‚ ‚Ά‚Ώ‚―‚ρ‚Ή‚Ά‚Τ,2321302,Ό”φsκF’¬,‚Ι‚µ‚¨‚µ‚Ά‚Α‚µ‚«‚Ώ‚ε‚¤
451,¤’m§Ό•”,‚ ‚Ά‚Ώ‚―‚ρ‚Ή‚Ά‚Τ,2321601,’†•”‘Ϋ‹σ`,‚Ώ‚γ‚¤‚Τ‚±‚­‚³‚Ά‚­‚¤‚±‚¤
451,¤’m§Ό•”,‚ ‚Ά‚Ώ‚―‚ρ‚Ή‚Ά‚Τ,2321602,νs”ς‘δ,‚Ζ‚±‚Θ‚ί‚µ‚ ‚·‚©‚Ύ‚Ά
450,¤’m§“•”,‚ ‚Ά‚Ώ‚―‚ρ‚Ζ‚¤‚Τ,2322100,Vιsζ–{,‚µ‚ρ‚µ‚λ‚µ‚Μ‚θ‚ΰ‚Ζ
450,¤’m§“•”,‚ ‚Ά‚Ώ‚―‚ρ‚Ζ‚¤‚Τ,2322102,Vιsμθ΄x,‚µ‚ρ‚µ‚λ‚µ‚Β‚­‚Ε‚«‚ζ‚¨‚©
451,¤’m§Ό•”,‚ ‚Ά‚Ώ‚―‚ρ‚Ή‚Ά‚Τ,2322420,’m‘½s—Ξ’¬,‚Ώ‚½‚µ‚έ‚Η‚θ‚Ώ‚ε‚¤
450,¤’m§“•”,‚ ‚Ά‚Ώ‚―‚ρ‚Ζ‚¤‚Τ,2323101,“c΄sΞ_’¬,‚½‚Ν‚η‚µ‚Ά‚µ‚‚έ‚Ώ‚ε‚¤
450,¤’m§“•”,‚ ‚Ά‚Ώ‚―‚ρ‚Ζ‚¤‚Τ,2323102,“c΄s•]’¬,‚½‚Ν‚η‚µ‚Σ‚­‚¦‚Ώ‚ε‚¤
451,¤’m§Ό•”,‚ ‚Ά‚Ώ‚―‚ρ‚Ή‚Ά‚Τ,2323201,¤Όsξ—t’¬,‚ ‚Ά‚³‚Ά‚µ‚Ά‚Θ‚Ξ‚Ώ‚ε‚¤
451,¤’m§Ό•”,‚ ‚Ά‚Ώ‚―‚ρ‚Ή‚Ά‚Τ,2344500,“μ’m‘½’¬–L•l,‚έ‚Θ‚έ‚Ώ‚½‚Ώ‚ε‚¤‚Ζ‚ζ‚Ν‚ά
451,¤’m§Ό•”,‚ ‚Ά‚Ώ‚―‚ρ‚Ή‚Ά‚Τ,2344620,¤’m”ό•l’¬‰Νa,‚ ‚Ά‚Ώ‚έ‚Ν‚ά‚Ώ‚ε‚¤‚±‚¤‚ν
461,Od§’†•”,‚έ‚¦‚―‚ρ‚Ώ‚γ‚¤‚Τ,2420100,’Γs“‡θ’¬,‚Β‚µ‚µ‚ά‚΄‚«‚Ώ‚ε‚¤
461,Od§’†•”,‚έ‚¦‚―‚ρ‚Ώ‚γ‚¤‚Τ,2420101,’Γs•Π“c–ς‰¤›’¬,‚Β‚µ‚©‚½‚Ύ‚β‚­‚¨‚¤‚¶‚Ώ‚ε‚¤
460,Od§–k•”,‚έ‚¦‚―‚ρ‚Ω‚­‚Τ,2420201,l“ϊss“ϊ‰i,‚ζ‚Α‚©‚Ά‚Ώ‚µ‚Π‚Θ‚
462,Od§“μ•”,‚έ‚¦‚―‚ρ‚Θ‚ρ‚Τ,2420301,Ι¨s–ξ’¬,‚Ά‚Ή‚µ‚β‚ΰ‚Ώ‚Ώ‚ε‚¤
461,Od§’†•”,‚έ‚¦‚―‚ρ‚Ώ‚γ‚¤‚Τ,2420401,Όγsγμ’¬,‚ά‚Β‚³‚©‚µ‚¤‚¦‚‚ν‚Ώ‚ε‚¤
460,Od§–k•”,‚έ‚¦‚―‚ρ‚Ω‚­‚Τ,2420700,—ι­sΌπ,‚·‚Έ‚©‚µ‚Ι‚µ‚¶‚ε‚¤
462,Od§“μ•”,‚έ‚¦‚―‚ρ‚Θ‚ρ‚Τ,2420901,”φhs“μ—z’¬,‚¨‚ν‚Ή‚µ‚Θ‚ρ‚ζ‚¤‚Ώ‚ε‚¤
462,Od§“μ•”,‚έ‚¦‚―‚ρ‚Θ‚ρ‚Τ,2421502,u–€su–€’¬‰z‰κ,‚µ‚ά‚µ‚µ‚ά‚Ώ‚ε‚¤‚±‚µ‚©
461,Od§’†•”,‚έ‚¦‚―‚ρ‚Ώ‚γ‚¤‚Τ,2421601,Ι‰κs—ΞƒP‹u–{’¬,‚Ά‚‚µ‚έ‚Η‚θ‚‚¨‚©‚Ω‚ρ‚ά‚Ώ
462,Od§“μ•”,‚έ‚¦‚―‚ρ‚Θ‚ρ‚Τ,2454300,Od‹I–k’¬\{,‚έ‚¦‚«‚Ω‚­‚Ώ‚ε‚¤‚¶‚γ‚¤‚·
462,Od§“μ•”,‚έ‚¦‚―‚ρ‚Θ‚ρ‚Τ,2456100,Odδ•l’¬›’J‘‡φ‰€,‚έ‚¦‚έ‚Ν‚ά‚Ώ‚ε‚¤‚Δ‚η‚Ύ‚Ι‚»‚¤‚²‚¤‚±‚¤‚¦‚ρ
501, ‰κ§“μ•”,‚µ‚‚―‚ρ‚Θ‚ρ‚Τ,2520100,‘ε’Γsδ—Λ’¬,‚¨‚¨‚Β‚µ‚²‚θ‚ε‚¤‚Ώ‚ε‚¤
501, ‰κ§“μ•”,‚µ‚‚―‚ρ‚Θ‚ρ‚Τ,2520103,‘ε’Γs“μ¬Ό,‚¨‚¨‚Β‚µ‚έ‚Θ‚έ‚±‚ά‚Β
500, ‰κ§–k•”,‚µ‚‚―‚ρ‚Ω‚­‚Τ,2520201,•Fsι’¬,‚Π‚±‚Λ‚µ‚µ‚λ‚ά‚Ώ
501, ‰κ§“μ•”,‚µ‚‚―‚ρ‚Θ‚ρ‚Τ,2520401,‹ί]””¦sχ‹{’¬,‚¨‚¤‚έ‚Ν‚Ώ‚ά‚ρ‚µ‚³‚­‚η‚έ‚β‚Ώ‚ε‚¤
501, ‰κ§“μ•”,‚µ‚‚―‚ρ‚Θ‚ρ‚Τ,2520901,b‰κs…ϋ’¬,‚±‚¤‚©‚µ‚έ‚Θ‚­‚Ώ‚Ώ‚ε‚¤
501, ‰κ§“μ•”,‚µ‚‚―‚ρ‚Θ‚ρ‚Τ,2521300,“‹ί]sNƒ–”¨’¬,‚Π‚‚µ‚¨‚¤‚έ‚µ‚«‚έ‚‚Ν‚½‚Ώ‚ε‚¤
511,‹“s•{“μ•”,‚«‚ε‚¤‚Ζ‚Σ‚Θ‚ρ‚Τ,2610400,‹“s’†‹‹ζΌƒm‹,‚«‚ε‚¤‚Ζ‚Θ‚©‚¬‚ε‚¤‚­‚Ι‚µ‚Μ‚«‚ε‚¤
510,‹“s•{–k•”,‚«‚ε‚¤‚Ζ‚Σ‚Ω‚­‚Τ,2620100,•’mRs“ΰ‹L,‚Σ‚­‚Ώ‚β‚ά‚µ‚Θ‚Ά‚«
510,‹“s•{–k•”,‚«‚ε‚¤‚Ζ‚Σ‚Ω‚­‚Τ,2620200,•‘’ίs‰Ί•δ,‚ά‚Ά‚Γ‚ι‚µ‚µ‚ΰ‚Σ‚­‚Ά
511,‹“s•{“μ•”,‚«‚ε‚¤‚Ζ‚Σ‚Θ‚ρ‚Τ,2620400,‰F΅s‰F΅”ϊ”i,‚¤‚¶‚µ‚¤‚¶‚Ρ‚ν
511,‹“s•{“μ•”,‚«‚ε‚¤‚Ζ‚Σ‚Θ‚ρ‚Τ,2620600,‹T‰sΐ’¬,‚©‚ί‚¨‚©‚µ‚β‚·‚ά‚Ώ
510,‹“s•{–k•”,‚«‚ε‚¤‚Ζ‚Σ‚Ω‚­‚Τ,2621200,‹’Oγs–ν‰h’¬‹g‘ς,‚«‚ε‚¤‚½‚ρ‚²‚µ‚β‚³‚©‚Ώ‚ε‚¤‚ζ‚µ‚³‚ν
511,‹“s•{“μ•”,‚«‚ε‚¤‚Ζ‚Σ‚Θ‚ρ‚Τ,2640700,‹’O”g’¬β΄,‚«‚ε‚¤‚½‚ρ‚Ξ‚Ώ‚ε‚¤‚³‚©‚Ξ‚η
520,‘εγ•{–k•”,‚¨‚¨‚³‚©‚Σ‚Ω‚­‚Τ,2711420,‘εγ“—„μ‹ζΔ“‡,‚¨‚¨‚³‚©‚Π‚‚µ‚ζ‚Η‚‚ν‚­‚­‚Ι‚¶‚ά
520,‘εγ•{–k•”,‚¨‚¨‚³‚©‚Σ‚Ω‚­‚Τ,2712800,‘εγ’†‰›‹ζ‘εθ‘O,‚¨‚¨‚³‚©‚Ώ‚γ‚¤‚¨‚¤‚­‚¨‚¨‚Δ‚ά‚¦
521,‘εγ•{“μ•”,‚¨‚¨‚³‚©‚Σ‚Θ‚ρ‚Τ,2714200,‘εγδs’†‹ζ[δ΄…’¬,‚¨‚¨‚³‚©‚³‚©‚Ά‚µ‚Θ‚©‚­‚Σ‚©‚Ά‚µ‚έ‚Έ‚Ώ‚ε‚¤
521,‘εγ•{“μ•”,‚¨‚¨‚³‚©‚Σ‚Θ‚ρ‚Τ,2720200,έa“csέι’¬,‚«‚µ‚ν‚Ύ‚µ‚«‚µ‚«‚Ώ‚ε‚¤
520,‘εγ•{–k•”,‚¨‚¨‚³‚©‚Σ‚Ω‚­‚Τ,2720300,‘εγ‘Ϋ‹σ`,‚¨‚¨‚³‚©‚±‚­‚³‚Ά‚­‚¤‚±‚¤
520,‘εγ•{–k•”,‚¨‚¨‚³‚©‚Σ‚Ω‚­‚Τ,2720320,–L’†s‘]“μ’¬,‚Ζ‚ζ‚Θ‚©‚µ‚»‚Λ‚έ‚Θ‚έ‚ά‚Ώ
520,‘εγ•{–k•”,‚¨‚¨‚³‚©‚Σ‚Ω‚­‚Τ,2720700,‚’Ξs“‰€’¬,‚½‚©‚Β‚«‚µ‚Ζ‚¤‚¦‚ρ‚Ώ‚ε‚¤
520,‘εγ•{–k•”,‚¨‚¨‚³‚©‚Σ‚Ω‚­‚Τ,2720720,‚’Ξs—§‘ζ‚Q’†wZ,‚½‚©‚Β‚«‚µ‚θ‚Β‚Ύ‚Ά‚Ι‚Ώ‚γ‚¤‚‚Α‚±‚¤
521,‘εγ•{“μ•”,‚¨‚¨‚³‚©‚Σ‚Θ‚ρ‚Τ,2721400,•x“c—Ρs–{’¬,‚Ζ‚ρ‚Ύ‚Ξ‚β‚µ‚µ‚Ω‚ρ‚ά‚Ώ
520,‘εγ•{–k•”,‚¨‚¨‚³‚©‚Σ‚Ω‚­‚Τ,2722000,–¥–Κs–¥–Κ,‚έ‚Μ‚¨‚µ‚έ‚Μ‚¨
520,‘εγ•{–k•”,‚¨‚¨‚³‚©‚Σ‚Ω‚­‚Τ,2732221,”\¨’¬Xγ,‚Μ‚Ή‚Ώ‚ε‚¤‚ΰ‚θ‚‚έ
521,‘εγ•{“μ•”,‚¨‚¨‚³‚©‚Σ‚Θ‚ρ‚Τ,2736200,ΦΌ‘Ϋ‹σ`,‚©‚ρ‚³‚Ά‚±‚­‚³‚Ά‚­‚¤‚±‚¤
531,•ΊΙ§“μ“•”,‚Π‚ε‚¤‚²‚―‚ρ‚Θ‚ρ‚Ζ‚¤‚Τ,2811001,_Λ’†‰›‹ζe•l,‚±‚¤‚Χ‚Ώ‚γ‚¤‚¨‚¤‚­‚ν‚«‚Μ‚Ν‚ά
532,•ΊΙ§“μΌ•”,‚Π‚ε‚¤‚²‚―‚ρ‚Θ‚ρ‚Ή‚Ά‚Τ,2820100,•PHs_q‰‘O,‚Π‚ί‚¶‚µ‚έ‚±‚¨‚©‚ά‚¦
531,•ΊΙ§“μ“•”,‚Π‚ε‚¤‚²‚―‚ρ‚Θ‚ρ‚Ζ‚¤‚Τ,2820300,–ΎΞs’†θ,‚ ‚©‚µ‚µ‚Θ‚©‚³‚«
531,•ΊΙ§“μ“•”,‚Π‚ε‚¤‚²‚―‚ρ‚Θ‚ρ‚Ζ‚¤‚Τ,2820400,Ό‹{s‹{‘O’¬,‚Ι‚µ‚Μ‚έ‚β‚µ‚έ‚β‚ά‚¦‚Ώ‚ε‚¤
535,•ΊΙ§’WH“‡,‚Π‚ε‚¤‚²‚―‚ρ‚ ‚ν‚¶‚µ‚ά,2820501,F–{s•¨•”,‚·‚ΰ‚Ζ‚µ‚ΰ‚Μ‚Χ
532,•ΊΙ§“μΌ•”,‚Π‚ε‚¤‚²‚―‚ρ‚Θ‚ρ‚Ή‚Ά‚Τ,2820800,‘¶s®,‚ ‚Ά‚¨‚Ά‚µ‚ ‚³‚Π
530,•ΊΙ§–k•”,‚Π‚ε‚¤‚²‚―‚ρ‚Ω‚­‚Τ,2820901,–L‰sχ’¬,‚Ζ‚ζ‚¨‚©‚µ‚³‚­‚η‚ά‚Ώ
531,•ΊΙ§“μ“•”,‚Π‚ε‚¤‚²‚―‚ρ‚Θ‚ρ‚Ζ‚¤‚Τ,2821000,‰ΑΓμs‰ΑΓμ’¬,‚©‚±‚‚ν‚µ‚©‚±‚‚ν‚Ώ‚ε‚¤
531,•ΊΙ§“μ“•”,‚Π‚ε‚¤‚²‚―‚ρ‚Θ‚ρ‚Ζ‚¤‚Τ,2821500,O–ΨsΧμ’¬,‚έ‚«‚µ‚Ω‚»‚©‚ν‚Ώ‚ε‚¤
531,•ΊΙ§“μ“•”,‚Π‚ε‚¤‚²‚―‚ρ‚Θ‚ρ‚Ζ‚¤‚Τ,2821900,O“cs‰Ί[“c,‚³‚ρ‚Ύ‚µ‚µ‚ΰ‚Σ‚©‚½
531,•ΊΙ§“μ“•”,‚Π‚ε‚¤‚²‚―‚ρ‚Θ‚ρ‚Ζ‚¤‚Τ,2822000,‰ΑΌs‰Ί–θ›’¬,‚©‚³‚Ά‚µ‚µ‚ΰ‚ά‚ρ‚‚ρ‚¶‚Ώ‚ε‚¤
531,•ΊΙ§“μ“•”,‚Π‚ε‚¤‚²‚―‚ρ‚Θ‚ρ‚Ζ‚¤‚Τ,2822100,’O”gΒRs–kV’¬,‚½‚ρ‚Ξ‚³‚³‚β‚ά‚µ‚«‚½‚µ‚ρ‚ά‚Ώ
535,•ΊΙ§’WH“‡,‚Π‚ε‚¤‚²‚―‚ρ‚ ‚ν‚¶‚µ‚ά,2822401,“μ‚ ‚ν‚¶s•—Η,‚έ‚Θ‚έ‚ ‚ν‚¶‚µ‚Σ‚­‚η
530,•ΊΙ§–k•”,‚Π‚ε‚¤‚²‚―‚ρ‚Ω‚­‚Τ,2822500,’©—sa“cR’¬–‡“c,‚ ‚³‚²‚µ‚ν‚Ύ‚β‚ά‚Ώ‚ε‚¤‚Π‚η‚½
535,•ΊΙ§’WH“‡,‚Π‚ε‚¤‚²‚―‚ρ‚ ‚ν‚¶‚µ‚ά,2822602,’WHs’·ΰV,‚ ‚ν‚¶‚µ‚Θ‚‚³‚ν
535,•ΊΙ§’WH“‡,‚Π‚ε‚¤‚²‚―‚ρ‚ ‚ν‚¶‚µ‚ά,2822603,’WHs•x“‡,‚ ‚ν‚¶‚µ‚Ζ‚µ‚ά
532,•ΊΙ§“μΌ•”,‚Π‚ε‚¤‚²‚―‚ρ‚Θ‚ρ‚Ή‚Ά‚Τ,2822701,³ΎsRθ’¬’†L£,‚µ‚»‚¤‚µ‚β‚ά‚³‚«‚Ώ‚ε‚¤‚Θ‚©‚Ρ‚λ‚Ή
531,•ΊΙ§“μ“•”,‚Π‚ε‚¤‚²‚―‚ρ‚Θ‚ρ‚Ζ‚¤‚Τ,2822801,‰Α“sΠ,‚©‚Ζ‚¤‚µ‚β‚µ‚λ
530,•ΊΙ§–k•”,‚Π‚ε‚¤‚²‚―‚ρ‚Ω‚­‚Τ,2858500,•ΊΙ”ό’¬Z‹ζOμ,‚Π‚ε‚¤‚²‚©‚έ‚Ώ‚ε‚¤‚©‚·‚έ‚­‚έ‚©‚ν
540,“ή—Η§,‚Θ‚η‚―‚ρ,2920102,“ή—ΗsΌ‹I›’¬,‚Θ‚η‚µ‚Ι‚µ‚«‚Ε‚η‚Ώ‚ε‚¤
540,“ή—Η§,‚Θ‚η‚―‚ρ,2920601,χδs‰£,‚³‚­‚η‚Ά‚µ‚Ν‚Ή
540,“ή—Η§,‚Θ‚η‚―‚ρ,2934200,•½Q’¬–Βμ,‚Φ‚®‚θ‚Ώ‚ε‚¤‚Θ‚ι‚©‚ν
540,“ή—Η§,‚Θ‚η‚―‚ρ,2944201,‘ε—„’¬•O_–{,‚¨‚¨‚ζ‚Η‚Ώ‚ε‚¤‚Π‚‚Ά‚ΰ‚Ζ
540,“ή—Η§,‚Θ‚η‚―‚ρ,2944600,“Vμ‘Ί“΄μ,‚Δ‚ρ‚©‚ν‚ή‚η‚Η‚λ‚‚ν
550,a‰ΜR§–k•”,‚ν‚©‚β‚ά‚―‚ρ‚Ω‚­‚Τ,3020100,a‰ΜRs’j–μΕ’,‚ν‚©‚β‚ά‚µ‚¨‚Μ‚µ‚Ξ‚Ώ‚ε‚¤
550,a‰ΜR§–k•”,‚ν‚©‚β‚ά‚―‚ρ‚Ω‚­‚Τ,3020401,—L“cs–¥“‡,‚ ‚θ‚Ύ‚µ‚έ‚Μ‚µ‚ά
550,a‰ΜR§–k•”,‚ν‚©‚β‚ά‚―‚ρ‚Ω‚­‚Τ,3020500,δ–Vs‰’,‚²‚Ϊ‚¤‚µ‚»‚Μ
551,a‰ΜR§“μ•”,‚ν‚©‚β‚ά‚―‚ρ‚Θ‚ρ‚Τ,3020600,“c•Σs’†•ΣH’¬‹ίI,‚½‚Θ‚Χ‚µ‚Θ‚©‚Φ‚Ώ‚Ώ‚ε‚¤‚Ώ‚©‚Β‚δ
551,a‰ΜR§“μ•”,‚ν‚©‚β‚ά‚―‚ρ‚Θ‚ρ‚Τ,3020702,V‹{sV‹{,‚µ‚ρ‚®‚¤‚µ‚µ‚ρ‚®‚¤
550,a‰ΜR§–k•”,‚ν‚©‚β‚ά‚―‚ρ‚Ω‚­‚Τ,3020801,‹I‚Μμs•²‰Ν,‚«‚Μ‚©‚ν‚µ‚±‚©‚ν
550,a‰ΜR§–k•”,‚ν‚©‚β‚ά‚―‚ρ‚Ω‚­‚Τ,3034401,‚–μ’¬‚–μR’†wZ,‚±‚¤‚β‚Ώ‚ε‚¤‚±‚¤‚β‚³‚ρ‚Ώ‚γ‚¤‚‚Α‚±‚¤
550,a‰ΜR§–k•”,‚ν‚©‚β‚ά‚―‚ρ‚Ω‚­‚Τ,3039100,‚έ‚Θ‚Χ’¬“yδ,‚έ‚Θ‚Χ‚Ώ‚ε‚¤‚Η‚Ά
551,a‰ΜR§“μ•”,‚ν‚©‚β‚ά‚―‚ρ‚Θ‚ρ‚Τ,3040102,”’•l’¬Α–h–{•”,‚µ‚η‚Ν‚ά‚Ώ‚ε‚¤‚µ‚ε‚¤‚Ϊ‚¤‚Ω‚ρ‚Τ
551,a‰ΜR§“μ•”,‚ν‚©‚β‚ά‚―‚ρ‚Θ‚ρ‚Τ,3042401,Γΐμ’¬‚’r,‚±‚΄‚‚ν‚Ώ‚ε‚¤‚½‚©‚Ά‚―
551,a‰ΜR§“μ•”,‚ν‚©‚β‚ά‚―‚ρ‚Θ‚ρ‚Τ,3042801,‹ψ–{’¬’–¦,‚­‚µ‚ΰ‚Ζ‚Ώ‚ε‚¤‚µ‚¨‚Μ‚έ‚³‚«
560,’Ήζ§“•”,‚Ζ‚Α‚Ζ‚θ‚―‚ρ‚Ζ‚¤‚Τ,3120100,’Ήζs‹g•ϋ,‚Ζ‚Α‚Ζ‚θ‚µ‚ζ‚µ‚©‚½
563,’Ήζ§Ό•”,‚Ζ‚Α‚Ζ‚θ‚―‚ρ‚Ή‚Ά‚Τ,3120202,•Δqs”J’¬,‚ζ‚Θ‚²‚µ‚Ξ‚­‚λ‚¤‚ά‚Ώ
562,’Ήζ§’†•”,‚Ζ‚Α‚Ζ‚θ‚―‚ρ‚Ώ‚γ‚¤‚Τ,3120301,‘q‹gsβ‘q’·•υ,‚­‚η‚ζ‚µ‚µ‚Ά‚ν‚­‚η‚Θ‚‚έ‚Λ
563,’Ήζ§Ό•”,‚Ζ‚Α‚Ζ‚θ‚―‚ρ‚Ή‚Ά‚Τ,3120401,‹«`s“–{’¬,‚³‚©‚Ά‚έ‚Θ‚Ζ‚µ‚Π‚‚µ‚Ω‚ρ‚ά‚Ώ
560,’Ήζ§“•”,‚Ζ‚Α‚Ζ‚θ‚―‚ρ‚Ζ‚¤‚Τ,3130201,β”ό’¬‰Y•x,‚Ά‚ν‚έ‚Ώ‚ε‚¤‚¤‚η‚Η‚ί
560,’Ήζ§“•”,‚Ζ‚Α‚Ζ‚θ‚―‚ρ‚Ζ‚¤‚Τ,3132800,’q“’¬’q“,‚Ώ‚Γ‚Ώ‚ε‚¤‚Ώ‚Γ
570,“‡§“•”,‚µ‚ά‚Λ‚―‚ρ‚Ζ‚¤‚Τ,3220101,Ό]sΌ¶”n’¬,‚ά‚Β‚¦‚µ‚Ι‚µ‚Ά‚­‚ά‚Ώ‚ε‚¤
570,“‡§“•”,‚µ‚ά‚Λ‚―‚ρ‚Ζ‚¤‚Τ,3220102,Ό]sΌ’Γ“c,‚ά‚Β‚¦‚µ‚Ι‚µ‚Β‚Ύ
571,“‡§Ό•”,‚µ‚ά‚Λ‚―‚ρ‚Ή‚Ά‚Τ,3220201,•l“cs‘ε’’¬,‚Ν‚ά‚Ύ‚µ‚¨‚¨‚Β‚¶‚Ώ‚ε‚¤
570,“‡§“•”,‚µ‚ά‚Λ‚―‚ρ‚Ζ‚¤‚Τ,3220301,o‰_s΅s’¬,‚Ά‚Έ‚ΰ‚µ‚Ά‚ά‚Ά‚Ώ‚Ώ‚ε‚¤
570,“‡§“•”,‚µ‚ά‚Λ‚―‚ρ‚Ζ‚¤‚Τ,3220302,o‰_sβ‰Y’¬,‚Ά‚Έ‚ΰ‚µ‚³‚©‚¤‚η‚Ώ‚ε‚¤
571,“‡§Ό•”,‚µ‚ά‚Λ‚―‚ρ‚Ή‚Ά‚Τ,3220400,‰v“cs•C©’¬Ξ’J,‚ά‚·‚Ύ‚µ‚Π‚«‚έ‚Ώ‚ε‚¤‚Ά‚µ‚Ύ‚Ι
570,“‡§“•”,‚µ‚ά‚Λ‚―‚ρ‚Ζ‚¤‚Τ,3220900,‰_“μs‘ε“’¬‘ε“,‚¤‚ρ‚Θ‚ρ‚µ‚Ύ‚Ά‚Ζ‚¤‚Ώ‚ε‚¤‚Ύ‚Ά‚Ζ‚¤
571,“‡§Ό•”,‚µ‚ά‚Λ‚―‚ρ‚Ή‚Ά‚Τ,3244800,“‡”ό‹½’¬N’J,‚µ‚ά‚Λ‚έ‚³‚Ζ‚Ώ‚ε‚¤‚«‚έ‚½‚Ι
575,“‡§‰Bς,‚µ‚ά‚Λ‚―‚ρ‚¨‚«,3252801,‰Bς‚Μ“‡’¬Ό’¬,‚¨‚«‚Μ‚µ‚ά‚Ώ‚ε‚¤‚Ι‚µ‚ά‚Ώ
575,“‡§‰Bς,‚µ‚ά‚Λ‚―‚ρ‚¨‚«,3252802,‰Bς‚Μ“‡’¬R“c,‚¨‚«‚Μ‚µ‚ά‚Ώ‚ε‚¤‚β‚ά‚Ύ
581,‰R§“μ•”,‚¨‚©‚β‚ά‚―‚ρ‚Θ‚ρ‚Τ,3310100,‰R–k‹ζK“c’¬,‚¨‚©‚β‚ά‚«‚½‚­‚­‚ν‚Ύ‚Ώ‚ε‚¤
581,‰R§“μ•”,‚¨‚©‚β‚ά‚―‚ρ‚Θ‚ρ‚Τ,3310101,‰R–k‹ζ‘«η,‚¨‚©‚β‚ά‚«‚½‚­‚ ‚µ‚ΰ‚θ
581,‰R§“μ•”,‚¨‚©‚β‚ά‚―‚ρ‚Θ‚ρ‚Τ,3320200,‘q•~sV“c,‚­‚η‚µ‚«‚µ‚µ‚ρ‚Ε‚ρ
580,‰R§–k•”,‚¨‚©‚β‚ά‚―‚ρ‚Ω‚­‚Τ,3320301,’ΓRs—Ρ“c,‚Β‚β‚ά‚µ‚Ν‚Ά‚Ύ
580,‰R§–k•”,‚¨‚©‚β‚ά‚―‚ρ‚Ω‚­‚Τ,3321000,V©sV©,‚Ι‚Ά‚έ‚µ‚Ι‚Ά‚έ
581,‰R§“μ•”,‚¨‚©‚β‚ά‚―‚ρ‚Θ‚ρ‚Τ,3321100,”υ‘OsΙ•”,‚Ρ‚Ί‚ρ‚µ‚Ά‚ρ‚Χ
581,‰R§“μ•”,‚¨‚©‚β‚ά‚―‚ρ‚Θ‚ρ‚Τ,3321300,Τ”Φsγs,‚ ‚©‚Ά‚ν‚µ‚©‚έ‚Ά‚Ώ
580,‰R§–k•”,‚¨‚©‚β‚ά‚―‚ρ‚Ω‚­‚Τ,3321500,”όμs”φ’J,‚έ‚ά‚³‚©‚µ‚¨‚½‚Ι
581,‰R§“μ•”,‚¨‚©‚β‚ά‚―‚ρ‚Θ‚ρ‚Τ,3321600,σϋs“V‘φ‰€,‚ ‚³‚­‚Ώ‚µ‚ ‚ά‚­‚³‚±‚¤‚¦‚ρ
592,L“‡§“μΌ•”,‚Π‚λ‚µ‚ά‚―‚ρ‚Θ‚ρ‚Ή‚Ά‚Τ,3410100,L“‡’†‹ζγ”’–x,‚Π‚λ‚µ‚ά‚Θ‚©‚­‚©‚έ‚Ν‚Α‚Ώ‚ε‚¤‚Ϊ‚θ
592,L“‡§“μΌ•”,‚Π‚λ‚µ‚ά‚―‚ρ‚Θ‚ρ‚Ή‚Ά‚Τ,3420200,ΰs•σ’¬,‚­‚κ‚µ‚½‚©‚η‚ά‚Ώ
592,L“‡§“μΌ•”,‚Π‚λ‚µ‚ά‚―‚ρ‚Θ‚ρ‚Ή‚Ά‚Τ,3420202,ΰs‰ΉΛ’†wZ,‚­‚κ‚µ‚¨‚ρ‚Η‚Ώ‚γ‚¤‚‚Α‚±‚¤
591,L“‡§“μ“•”,‚Π‚λ‚µ‚ά‚―‚ρ‚Θ‚ρ‚Ζ‚¤‚Τ,3420400,O΄s‰~κ’¬,‚έ‚Ν‚η‚µ‚¦‚ρ‚Ά‚Ώ‚Ώ‚ε‚¤
591,L“‡§“μ“•”,‚Π‚λ‚µ‚ά‚―‚ρ‚Θ‚ρ‚Ζ‚¤‚Τ,3420401,L“‡‹σ`,‚Π‚λ‚µ‚ά‚­‚¤‚±‚¤
591,L“‡§“μ“•”,‚Π‚λ‚µ‚ά‚―‚ρ‚Θ‚ρ‚Ζ‚¤‚Τ,3420700,•RsΌ‰i’¬,‚Σ‚­‚β‚ά‚µ‚ά‚Β‚Θ‚‚Ώ‚ε‚¤
590,L“‡§–k•”,‚Π‚λ‚µ‚ά‚―‚ρ‚Ω‚­‚Τ,3420900,L“‡Os\“ϊs’†,‚Π‚λ‚µ‚ά‚έ‚ζ‚µ‚µ‚Ζ‚¤‚©‚Ά‚Ώ‚Θ‚©
590,L“‡§–k•”,‚Π‚λ‚µ‚ά‚―‚ρ‚Ω‚­‚Τ,3421000,―΄sΌι’¬F–μ,‚µ‚ε‚¤‚Ξ‚η‚µ‚³‚Ά‚¶‚ε‚¤‚Ώ‚ε‚¤‚­‚ά‚Μ
592,L“‡§“μΌ•”,‚Π‚λ‚µ‚ά‚―‚ρ‚Θ‚ρ‚Ή‚Ά‚Τ,3421200,“L“‡s•£’¬,‚Π‚‚µ‚Π‚λ‚µ‚ά‚µ‚­‚λ‚Ή‚Ώ‚ε‚¤
590,L“‡§–k•”,‚Π‚λ‚µ‚ά‚―‚ρ‚Ω‚­‚Τ,3436901,–kL“‡’¬“su©,‚«‚½‚Π‚λ‚µ‚ά‚Ώ‚ε‚¤‚Β‚µ‚έ
590,L“‡§–k•”,‚Π‚λ‚µ‚ά‚―‚ρ‚Ω‚­‚Τ,3436902,–kL“‡’¬—L“c,‚«‚½‚Π‚λ‚µ‚ά‚Ώ‚ε‚¤‚ ‚θ‚Ύ
702,Rϋ§Ό•”,‚β‚ά‚®‚Ώ‚―‚ρ‚Ή‚Ά‚Τ,3520100,‰ΊΦs’|θ,‚µ‚ΰ‚Μ‚Ή‚«‚µ‚½‚―‚΄‚«
702,Rϋ§Ό•”,‚β‚ά‚®‚Ώ‚―‚ρ‚Ή‚Ά‚Τ,3520102,‰ΊΦs–L‰Y’¬μ’I,‚µ‚ΰ‚Μ‚Ή‚«‚µ‚Ζ‚ζ‚¤‚η‚Ώ‚ε‚¤‚©‚ν‚½‚Θ
702,Rϋ§Ό•”,‚β‚ά‚®‚Ώ‚―‚ρ‚Ή‚Ά‚Τ,3520201,‰F•”s–μ’†,‚¤‚Χ‚µ‚Μ‚Θ‚©
704,Rϋ§’†•”,‚β‚ά‚®‚Ώ‚―‚ρ‚Ώ‚γ‚¤‚Τ,3520302,Rϋs‘O’¬,‚β‚ά‚®‚Ώ‚µ‚ά‚¦‚ά‚Ώ
700,Rϋ§–k•”,‚β‚ά‚®‚Ώ‚―‚ρ‚Ω‚­‚Τ,3520401,”‹s“y΄,‚Ν‚¬‚µ‚Π‚¶‚ν‚η
700,Rϋ§–k•”,‚β‚ά‚®‚Ώ‚―‚ρ‚Ω‚­‚Τ,3520402,”‹s©“‡‰F’Γ,‚Ν‚¬‚µ‚έ‚µ‚ά‚¤‚Β
704,Rϋ§’†•”,‚β‚ά‚®‚Ώ‚―‚ρ‚Ώ‚γ‚¤‚Τ,3520601,–h•{sυ,‚Ω‚¤‚Σ‚µ‚±‚Ζ‚Τ‚«
704,Rϋ§’†•”,‚β‚ά‚®‚Ώ‚―‚ρ‚Ώ‚γ‚¤‚Τ,3520701,‰ΊΌs£Λ,‚­‚Ύ‚ά‚Β‚µ‚Ή‚Ζ
703,Rϋ§“•”,‚β‚ά‚®‚Ώ‚―‚ρ‚Ζ‚¤‚Τ,3520803,β‘s΅’Γ,‚Ά‚ν‚­‚Ι‚µ‚Ά‚ά‚Γ
703,Rϋ§“•”,‚β‚ά‚®‚Ώ‚―‚ρ‚Ζ‚¤‚Τ,3534302,“c•z{’¬‰Ί“c•z{,‚½‚Τ‚Ή‚Ώ‚ε‚¤‚µ‚ΰ‚½‚Τ‚Ή
600,“Ώ“‡§–k•”,‚Ζ‚­‚µ‚ά‚―‚ρ‚Ω‚­‚Τ,3620101,“Ώ“‡s‘εa’¬,‚Ζ‚­‚µ‚ά‚µ‚β‚ά‚Ζ‚Ώ‚ε‚¤
600,“Ώ“‡§–k•”,‚Ζ‚­‚µ‚ά‚―‚ρ‚Ω‚­‚Τ,3620202,–Β–εs•—{’¬,‚Θ‚ι‚Ζ‚µ‚ή‚β‚Ώ‚ε‚¤
601,“Ώ“‡§“μ•”,‚Ζ‚­‚µ‚ά‚―‚ρ‚Θ‚ρ‚Τ,3620400,Ά“μs•x‰’¬,‚ ‚Θ‚ρ‚µ‚Ζ‚έ‚¨‚©‚Ώ‚ε‚¤
600,“Ώ“‡§–k•”,‚Ζ‚­‚µ‚ά‚―‚ρ‚Ω‚­‚Τ,3620500,‹g–μμs›“‡’¬,‚ζ‚µ‚Μ‚‚ν‚µ‚©‚ΰ‚¶‚ά‚Ώ‚ε‚¤
600,“Ώ“‡§–k•”,‚Ζ‚­‚µ‚ά‚―‚ρ‚Ω‚­‚Τ,3620701,”ό”ns‚Σ‚κƒXƒ|φ‰€,‚έ‚ά‚µ‚ ‚Θ‚Τ‚«‚Σ‚κ‚·‚Ϋ‚±‚¤‚¦‚ρ
600,“Ώ“‡§–k•”,‚Ζ‚­‚µ‚ά‚―‚ρ‚Ω‚­‚Τ,3620702,”ό”nse’¬,‚έ‚ά‚µ‚ν‚«‚ά‚Ώ
600,“Ώ“‡§–k•”,‚Ζ‚­‚µ‚ά‚―‚ρ‚Ω‚­‚Τ,3620802,“Ώ“‡ODs’r“c’¬ƒTƒ‰ƒ_,‚Ζ‚­‚µ‚ά‚έ‚ζ‚µ‚µ‚Ά‚―‚Ύ‚Ώ‚ε‚¤‚³‚η‚Ύ
601,“Ώ“‡§“μ•”,‚Ζ‚­‚µ‚ά‚―‚ρ‚Θ‚ρ‚Τ,3636800,“ί‰κ’¬‰΅Ξ,‚Θ‚©‚Ώ‚ε‚¤‚ζ‚±‚Ά‚µ
610,μ§“•”,‚©‚‚ν‚―‚ρ‚Ζ‚¤‚Τ,3720101,‚Ό‹σ`,‚½‚©‚ά‚Β‚­‚¤‚±‚¤
610,μ§“•”,‚©‚‚ν‚―‚ρ‚Ζ‚¤‚Τ,3720102,‚Όs•Ξ’¬,‚½‚©‚ά‚Β‚µ‚Σ‚Ή‚Ά‚µ‚Ώ‚ε‚¤
611,μ§Ό•”,‚©‚‚ν‚―‚ρ‚Ή‚Ά‚Τ,3720300,βos‰¤‰z’¬,‚³‚©‚Ά‚Ε‚µ‚¨‚¤‚²‚µ‚Ώ‚ε‚¤
611,μ§Ό•”,‚©‚‚ν‚―‚ρ‚Ή‚Ά‚Τ,3720501,Ο‰Ή›sβ–{’¬,‚©‚ρ‚¨‚ρ‚¶‚µ‚³‚©‚ΰ‚Ζ‚Ώ‚ε‚¤
610,μ§“•”,‚©‚‚ν‚―‚ρ‚Ζ‚¤‚Τ,3720701,“‚©‚‚νsΌ‘Ί,‚Π‚‚µ‚©‚‚ν‚µ‚Ι‚µ‚ή‚η
610,μ§“•”,‚©‚‚ν‚―‚ρ‚Ζ‚¤‚Τ,3732201,“y―’¬•£θ,‚Ζ‚Μ‚µ‚ε‚¤‚Ώ‚ε‚¤‚Σ‚Ώ‚΄‚«
611,μ§Ό•”,‚©‚‚ν‚―‚ρ‚Ή‚Ά‚Τ,3740400,‘½“x’Γ’¬‰Ζ’†,‚½‚Η‚Β‚Ώ‚ε‚¤‚©‚Ώ‚γ‚¤
621,¤•Q§’†—\,‚¦‚Π‚ί‚―‚ρ‚Ώ‚γ‚¤‚ζ,3820101,ΌRs–k“c’¬,‚ά‚Β‚β‚ά‚µ‚«‚½‚ΰ‚Ώ‚Ύ‚ά‚Ώ
620,¤•Q§“—\,‚¦‚Π‚ί‚―‚ρ‚Ζ‚¤‚ζ,3820200,΅΅s“μ•σ—’¬“ρ’–Ϊ,‚Ά‚ά‚Ξ‚θ‚µ‚έ‚Θ‚έ‚Ω‚¤‚η‚Ά‚Ώ‚ε‚¤‚Ι‚Ώ‚ε‚¤‚ί
622,¤•Q§“μ—\,‚¦‚Π‚ί‚―‚ρ‚Θ‚ρ‚ζ,3820300,‰Fa“‡sZ‹g’¬,‚¤‚ν‚¶‚ά‚µ‚·‚έ‚ζ‚µ‚Ώ‚ε‚¤
622,¤•Q§“μ—\,‚¦‚Π‚ί‚―‚ρ‚Θ‚ρ‚ζ,3820400,””¦•lsL£,‚β‚ν‚½‚Ν‚ά‚µ‚Π‚λ‚Ή
620,¤•Q§“—\,‚¦‚Π‚ί‚―‚ρ‚Ζ‚¤‚ζ,3820500,V‹•lsκ‹{’¬,‚Ι‚Ά‚Ν‚ά‚µ‚Ά‚Α‚­‚Ώ‚ε‚¤
620,¤•Q§“—\,‚¦‚Π‚ί‚―‚ρ‚Ζ‚¤‚ζ,3820600,Όπs’O΄’¬Ζ£,‚³‚Ά‚¶‚ε‚¤‚µ‚½‚ρ‚Ξ‚η‚Ώ‚ε‚¤‚­‚η‚Ή
622,¤•Q§“μ—\,‚¦‚Π‚ί‚―‚ρ‚Θ‚ρ‚ζ,3820700,‘εFs–L–Ξ,‚¨‚¨‚Έ‚µ‚Ζ‚ζ‚µ‚°
622,¤•Q§“μ—\,‚¦‚Π‚ί‚―‚ρ‚Θ‚ρ‚ζ,3821400,Ό—\s–μ‘Ί’¬,‚Ή‚Ά‚ζ‚µ‚Μ‚ή‚η‚Ώ‚ε‚¤
622,¤•Q§“μ—\,‚¦‚Π‚ί‚―‚ρ‚Θ‚ρ‚ζ,3848800,¤•Q‹S–k’¬¬μ,‚¦‚Π‚ί‚«‚Ω‚­‚Ώ‚ε‚¤‚Θ‚ι‚©‚ν
631,‚’m§’†•”,‚±‚¤‚Ώ‚―‚ρ‚Ώ‚γ‚¤‚Τ,3920100,‚’ms–{’¬,‚±‚¤‚Ώ‚µ‚Ω‚ρ‚ά‚Ώ
631,‚’m§’†•”,‚±‚¤‚Ώ‚―‚ρ‚Ώ‚γ‚¤‚Τ,3920101,‚’mst–μ’¬–F΄,‚±‚¤‚Ώ‚µ‚Ν‚ι‚Μ‚Ώ‚ε‚¤‚ζ‚µ‚Ν‚η
630,‚’m§“•”,‚±‚¤‚Ώ‚―‚ρ‚Ζ‚¤‚Τ,3920201,ΊΛs‹g—Ημ’¬,‚ή‚λ‚Ζ‚µ‚«‚η‚‚ν‚Ώ‚ε‚¤
630,‚’m§“•”,‚±‚¤‚Ώ‚―‚ρ‚Ζ‚¤‚Τ,3920202,ΊΛsΊΛ–¦’¬,‚ή‚λ‚Ζ‚µ‚ή‚λ‚Ζ‚έ‚³‚«‚Ώ‚ε‚¤
630,‚’m§“•”,‚±‚¤‚Ώ‚―‚ρ‚Ζ‚¤‚Τ,3920300,ΐ|sΌ•l,‚ ‚«‚µ‚Ι‚µ‚Ν‚ά
631,‚’m§’†•”,‚±‚¤‚Ώ‚―‚ρ‚Ώ‚γ‚¤‚Τ,3920600,{θsRθ’¬,‚·‚³‚«‚µ‚β‚ά‚Δ‚Ώ‚ε‚¤
632,‚’m§Ό•”,‚±‚¤‚Ώ‚―‚ρ‚Ή‚Ά‚Τ,3920800,h–Ρs•Π“‡,‚·‚­‚ΰ‚µ‚©‚½‚µ‚ά
632,‚’m§Ό•”,‚±‚¤‚Ώ‚―‚ρ‚Ή‚Ά‚Τ,3920901,“y²΄…s—L‰i,‚Ζ‚³‚µ‚έ‚Έ‚µ‚ ‚θ‚Θ‚
632,‚’m§Ό•”,‚±‚¤‚Ώ‚―‚ρ‚Ή‚Ά‚Τ,3920902,“y²΄…s‘« –¦,‚Ζ‚³‚µ‚έ‚Έ‚µ‚ ‚µ‚Έ‚θ‚έ‚³‚«
631,‚’m§’†•”,‚±‚¤‚Ώ‚―‚ρ‚Ώ‚γ‚¤‚Τ,3921200,”όs“y²R“c’¬•σ’¬,‚©‚έ‚µ‚Ζ‚³‚β‚ά‚Ύ‚Ώ‚ε‚¤‚½‚©‚η‚ά‚Ώ
631,‚’m§’†•”,‚±‚¤‚Ώ‚―‚ρ‚Ώ‚γ‚¤‚Τ,3921201,”όs•¨•”’¬_’r,‚©‚έ‚µ‚ΰ‚Μ‚Χ‚Ώ‚ε‚¤‚©‚έ‚Ά‚―
632,‚’m§Ό•”,‚±‚¤‚Ώ‚―‚ρ‚Ή‚Ά‚Τ,3941200,l–\’¬Eμ’†’Γμ,‚µ‚ά‚ρ‚Ζ‚Ώ‚ε‚¤‚­‚Ϊ‚©‚ν‚Θ‚©‚Β‚‚ν
632,‚’m§Ό•”,‚±‚¤‚Ώ‚―‚ρ‚Ή‚Ά‚Τ,3942801,•’’¬“ό–μ,‚­‚λ‚µ‚¨‚Ώ‚ε‚¤‚Ά‚θ‚Μ
711,•‰§–k‹γB,‚Σ‚­‚¨‚©‚―‚ρ‚«‚½‚«‚γ‚¤‚µ‚γ‚¤,4010800,–k‹γB””¦“‹ζ“‰€,‚«‚½‚«‚γ‚¤‚µ‚γ‚¤‚β‚Ν‚½‚Π‚‚µ‚­‚ΰ‚ΰ‚Ό‚Μ
710,•‰§•‰,‚Σ‚­‚¨‚©‚―‚ρ‚Σ‚­‚¨‚©,4013201,•‰‹σ`,‚Σ‚­‚¨‚©‚­‚¤‚±‚¤
710,•‰§•‰,‚Σ‚­‚¨‚©‚―‚ρ‚Σ‚­‚¨‚©,4013300,•‰’†‰›‹ζ‘ε,‚Σ‚­‚¨‚©‚Ώ‚γ‚¤‚¨‚¤‚­‚¨‚¨‚Ω‚θ
710,•‰§•‰,‚Σ‚­‚¨‚©‚―‚ρ‚Σ‚­‚¨‚©,4013700,•‰‘—Η‹ζ”Β‰®,‚Σ‚­‚¨‚©‚³‚ν‚η‚­‚Ά‚½‚β
713,•‰§’}γ,‚Σ‚­‚¨‚©‚―‚ρ‚Ώ‚­‚²,4020200,‘ε–΄“csω—Ρ,‚¨‚¨‚ή‚½‚µ‚³‚³‚Ξ‚β‚µ
713,•‰§’}γ,‚Σ‚­‚¨‚©‚―‚ρ‚Ώ‚­‚²,4020300,‹v—―•Δs’Γ•–{’¬,‚­‚ι‚ί‚µ‚Β‚Τ‚­‚Ω‚ρ‚ά‚Ώ
712,•‰§’}–L,‚Σ‚­‚¨‚©‚―‚ρ‚Ώ‚­‚Ω‚¤,4020501,”Ρ’Λsμ“‡,‚Ά‚Ά‚Γ‚©‚µ‚©‚ν‚µ‚ά
713,•‰§’}γ,‚Σ‚­‚¨‚©‚―‚ρ‚Ώ‚­‚²,4021000,”—s•–Ψ’¬–k–Ψ‰®,‚β‚ί‚µ‚­‚λ‚¬‚ά‚Ώ‚«‚½‚²‚β
710,•‰§•‰,‚Σ‚­‚¨‚©‚―‚ρ‚Σ‚­‚¨‚©,4022400,•’Γsθυ,‚Σ‚­‚Β‚µ‚Δ‚Ρ‚©
710,•‰§•‰,‚Σ‚­‚¨‚©‚―‚ρ‚Σ‚­‚¨‚©,4023000,…“‡su–€‰,‚Ά‚Ζ‚µ‚ά‚µ‚µ‚ά‚Ν‚Β
713,•‰§’}γ,‚Σ‚­‚¨‚©‚―‚ρ‚Ώ‚­‚²,4044700,’}‘O’¬‰Ί‚κ,‚Ώ‚­‚Ί‚ρ‚ά‚Ώ‚µ‚ΰ‚½‚©‚Ξ
712,•‰§’}–L,‚Σ‚­‚¨‚©‚―‚ρ‚Ώ‚­‚Ω‚¤,4061000,•’q’¬γ–μ,‚Σ‚­‚Ώ‚ά‚Ώ‚ ‚‚Μ
711,•‰§–k‹γB,‚Σ‚­‚¨‚©‚―‚ρ‚«‚½‚«‚γ‚¤‚µ‚γ‚¤,4062100,΅“c’¬α‹v,‚©‚ρ‚Ύ‚ά‚Ώ‚ν‚©‚Π‚³
721,²‰κ§“μ•”,‚³‚‚―‚ρ‚Θ‚ρ‚Τ,4120100,²‰κs‰w‘O’†‰›,‚³‚‚µ‚¦‚«‚ά‚¦‚Ώ‚γ‚¤‚¨‚¤
720,²‰κ§–k•”,‚³‚‚―‚ρ‚Ω‚­‚Τ,4120200,“‚’ΓsΌι“ΰ,‚©‚η‚Β‚µ‚Ι‚µ‚¶‚ε‚¤‚Θ‚Ά
721,²‰κ§“μ•”,‚³‚‚―‚ρ‚Θ‚ρ‚Τ,4120900,π–μs•s“®R,‚¤‚κ‚µ‚Μ‚µ‚Σ‚Η‚¤‚β‚ά
721,²‰κ§“μ•”,‚³‚‚―‚ρ‚Θ‚ρ‚Τ,4144100,‘Ύ—Η’¬‘½—Η,‚½‚η‚Ώ‚ε‚¤‚½‚η
731,’·θ§“μΌ•”,‚Θ‚‚³‚«‚―‚ρ‚Θ‚ρ‚Ή‚Ά‚Τ,4220100,’·θs“μRθ,‚Θ‚‚³‚«‚µ‚έ‚Θ‚έ‚β‚ά‚Δ
731,’·θ§“μΌ•”,‚Θ‚‚³‚«‚―‚ρ‚Θ‚ρ‚Ή‚Ά‚Τ,4220102,’·θs••l’¬,‚Θ‚‚³‚«‚µ‚­‚λ‚Ν‚ά‚ά‚Ώ
731,’·θ§“μΌ•”,‚Θ‚‚³‚«‚―‚ρ‚Θ‚ρ‚Ή‚Ά‚Τ,4220104,’·θs’·‰Y’¬,‚Θ‚‚³‚«‚µ‚Θ‚‚¤‚η‚ά‚Ώ
730,’·θ§–k•”,‚Θ‚‚³‚«‚―‚ρ‚Ω‚­‚Τ,4220201,²Ά•Ϋs±s’¬,‚³‚Ή‚Ϊ‚µ‚Π‚Γ‚­‚µ‚Ώ‚ε‚¤
731,’·θ§“μΌ•”,‚Θ‚‚³‚«‚―‚ρ‚Θ‚ρ‚Ή‚Ά‚Τ,4220401,ζ|‘s“¬H’¬,‚Ά‚³‚Ν‚β‚µ‚Π‚‚µ‚±‚¤‚¶‚ά‚Ώ
730,’·θ§–k•”,‚Θ‚‚³‚«‚―‚ρ‚Ω‚­‚Τ,4220701,•½Λsβ‚Μγ’¬,‚Π‚η‚Η‚µ‚Ά‚ν‚Μ‚¤‚¦‚Ώ‚ε‚¤
735,’·θ§‘Ξ”n,‚Θ‚‚³‚«‚―‚ρ‚Β‚µ‚ά,4220900,’·θ‘Ξ”nsµ΄’¬“—Ά,‚Θ‚‚³‚«‚Β‚µ‚ά‚µ‚Ά‚Γ‚Ν‚η‚ά‚Ώ‚Π‚‚µ‚΄‚Ζ
735,’·θ§‘Ξ”n,‚Θ‚‚³‚«‚―‚ρ‚Β‚µ‚ά,4220901,’·θ‘Ξ”nsγ§’¬”,‚Θ‚‚³‚«‚Β‚µ‚ά‚µ‚©‚έ‚ ‚‚½‚ά‚Ώ‚©‚Ά‚Η‚±‚λ
735,’·θ§‘Ξ”n,‚Θ‚‚³‚«‚―‚ρ‚Β‚µ‚ά,4220902,’·θ‘Ξ”ns”ό’Γ“‡’¬›‹£,‚Θ‚‚³‚«‚Β‚µ‚ά‚µ‚έ‚Β‚µ‚ά‚ά‚Ώ‚©‚ΰ‚Ά‚Ή
736,’·θ§λς,‚Θ‚‚³‚«‚―‚ρ‚Ά‚«,4221000,λςs°•Σ’¬’†–μ,‚Ά‚«‚µ‚ ‚µ‚Χ‚Ώ‚ε‚¤‚Θ‚©‚Μ
737,’·θ§ά“‡,‚Θ‚‚³‚«‚―‚ρ‚²‚Ζ‚¤,4221101,ά“‡s•x]’¬”Ι•~,‚²‚Ζ‚¤‚µ‚Ζ‚έ‚¦‚ά‚Ώ‚µ‚°‚¶‚«
737,’·θ§ά“‡,‚Θ‚‚³‚«‚―‚ρ‚²‚Ζ‚¤,4221102,ά“‡s–Ψκ’¬,‚²‚Ζ‚¤‚µ‚±‚Ξ‚Ώ‚ε‚¤
732,’·θ§“‡΄”Ό“‡,‚Θ‚‚³‚«‚―‚ρ‚µ‚ά‚Ξ‚η‚Ν‚ρ‚Ζ‚¤,4221300,‰_εs‘©’¬,‚¤‚ρ‚Ί‚ρ‚µ‚­‚Ι‚έ‚Ώ‚ε‚¤
732,’·θ§“‡΄”Ό“‡,‚Θ‚‚³‚«‚―‚ρ‚µ‚ά‚Ξ‚η‚Ν‚ρ‚Ζ‚¤,4221301,‰_εs¬•l’¬‰_ε,‚¤‚ρ‚Ί‚ρ‚µ‚¨‚Ξ‚ά‚Ώ‚ε‚¤‚¤‚ρ‚Ί‚ρ
741,F–{§F–{,‚­‚ά‚ΰ‚Ζ‚―‚ρ‚­‚ά‚ΰ‚Ζ,4310300,F–{Ό‹ζt“ϊ,‚­‚ά‚ΰ‚Ζ‚Ι‚µ‚­‚©‚·‚
741,F–{§F–{,‚­‚ά‚ΰ‚Ζ‚―‚ρ‚­‚ά‚ΰ‚Ζ,4320200,”‘γs•½RV’¬,‚β‚Β‚µ‚λ‚µ‚Π‚η‚β‚ά‚µ‚ρ‚ά‚Ώ
741,F–{§F–{,‚­‚ά‚ΰ‚Ζ‚―‚ρ‚­‚ά‚ΰ‚Ζ,4320202,”‘γsς’¬,‚β‚Β‚µ‚λ‚µ‚Ά‚Έ‚έ‚ά‚Ώ
742,F–{§‹…–,‚­‚ά‚ΰ‚Ζ‚―‚ρ‚­‚ά,4320301,l‹gsΌΤ‰Ί’¬,‚Π‚Ζ‚ζ‚µ‚µ‚Ι‚µ‚ ‚Ά‚Ύ‚µ‚ΰ‚ά‚Ώ
741,F–{§F–{,‚­‚ά‚ΰ‚Ζ‚―‚ρ‚­‚ά‚ΰ‚Ζ,4320600,‹Κ–Όs’z’n,‚½‚ά‚Θ‚µ‚Β‚Ά‚¶
743,F–{§“V‘E°–k,‚­‚ά‚ΰ‚Ζ‚―‚ρ‚ ‚ά‚­‚³‚ ‚µ‚«‚½,4321200,γ“V‘s‘ε–ξ–μ’¬,‚©‚έ‚ ‚ά‚­‚³‚µ‚¨‚¨‚β‚Μ‚ά‚Ώ
741,F–{§F–{,‚­‚ά‚ΰ‚Ζ‚―‚ρ‚­‚ά‚ΰ‚Ζ,4321300,‰FιsΌ‹΄’¬,‚¤‚«‚µ‚ά‚Β‚Ξ‚Ή‚ά‚Ώ
743,F–{§“V‘E°–k,‚­‚ά‚ΰ‚Ζ‚―‚ρ‚ ‚ά‚­‚³‚ ‚µ‚«‚½,4321500,“V‘s–{’¬,‚ ‚ά‚­‚³‚µ‚Ω‚ρ‚ά‚Ώ
743,F–{§“V‘E°–k,‚­‚ά‚ΰ‚Ζ‚―‚ρ‚ ‚ά‚­‚³‚ ‚µ‚«‚½,4321501,“V‘s‹[’¬,‚ ‚ά‚­‚³‚µ‚¤‚µ‚Τ‚©‚ά‚Ώ
740,F–{§Ά‘h,‚­‚ά‚ΰ‚Ζ‚―‚ρ‚ ‚»,4343300,“μΆ‘h‘Ί’†Ό,‚έ‚Θ‚έ‚ ‚»‚ή‚η‚Θ‚©‚ά‚Β
743,F–{§“V‘E°–k,‚­‚ά‚ΰ‚Ζ‚―‚ρ‚ ‚ά‚­‚³‚ ‚µ‚«‚½,4348201,°–k’¬°–k,‚ ‚µ‚«‚½‚ά‚Ώ‚ ‚µ‚«‚½
742,F–{§‹…–,‚­‚ά‚ΰ‚Ζ‚―‚ρ‚­‚ά,4350500,‘½—Η–Ψ’¬‘½—Η–Ψ,‚½‚η‚¬‚ά‚Ώ‚½‚η‚¬
751,‘ε•§’†•”,‚¨‚¨‚Ά‚½‚―‚ρ‚Ώ‚γ‚¤‚Τ,4420102,‘ε•s–Ύ–μ–k,‚¨‚¨‚Ά‚½‚µ‚ ‚―‚Μ‚«‚½
751,‘ε•§’†•”,‚¨‚¨‚Ά‚½‚―‚ρ‚Ώ‚γ‚¤‚Τ,4420200,•Κ•{s’ί©,‚Χ‚Α‚Υ‚µ‚Β‚ι‚έ
751,‘ε•§’†•”,‚¨‚¨‚Ά‚½‚―‚ρ‚Ώ‚γ‚¤‚Τ,4420201,•Κ•{s“VΤ,‚Χ‚Α‚Υ‚µ‚ ‚ά‚ά
750,‘ε•§–k•”,‚¨‚¨‚Ά‚½‚―‚ρ‚Ω‚­‚Τ,4420300,’†’Γsγ‹{‰i,‚Θ‚©‚Β‚µ‚©‚έ‚έ‚β‚Θ‚
753,‘ε•§Ό•”,‚¨‚¨‚Ά‚½‚―‚ρ‚Ή‚Ά‚Τ,4420401,“ϊ“cs’†’Γ]‘Ί‡£,‚Π‚½‚µ‚Θ‚©‚Β‚¦‚ή‚η‚²‚¤‚Ή
753,‘ε•§Ό•”,‚¨‚¨‚Ά‚½‚―‚ρ‚Ή‚Ά‚Τ,4420402,“ϊ“csO–{Ό,‚Π‚½‚µ‚³‚ρ‚Ϊ‚ρ‚ά‚Β
752,‘ε•§“μ•”,‚¨‚¨‚Ά‚½‚―‚ρ‚Θ‚ρ‚Τ,4420501,²”s—]—]‰Y,‚³‚Ά‚«‚µ‚©‚ά‚¦‚©‚ά‚¦‚¤‚η
752,‘ε•§“μ•”,‚¨‚¨‚Ά‚½‚―‚ρ‚Θ‚ρ‚Τ,4420502,²”s“c,‚³‚Ά‚«‚µ‚©‚½‚½
752,‘ε•§“μ•”,‚¨‚¨‚Ά‚½‚―‚ρ‚Θ‚ρ‚Τ,4420503,²”s—]’–‹ψ‰Y,‚³‚Ά‚«‚µ‚©‚ά‚¦‚Ά‚Μ‚­‚µ‚¤‚η
751,‘ε•§’†•”,‚¨‚¨‚Ά‚½‚―‚ρ‚Ώ‚γ‚¤‚Τ,4420600,‰P‹ns‰³©,‚¤‚·‚«‚µ‚¨‚Ζ‚έ
752,‘ε•§“μ•”,‚¨‚¨‚Ά‚½‚―‚ρ‚Θ‚ρ‚Τ,4421200,–Lγ‘ε–μsOd’¬,‚Τ‚ρ‚²‚¨‚¨‚Μ‚µ‚έ‚¦‚ά‚Ώ
750,‘ε•§–k•”,‚¨‚¨‚Ά‚½‚―‚ρ‚Ω‚­‚Τ,4421400,‘“s‘©’¬Ό•ϋ›,‚­‚Ι‚³‚«‚µ‚­‚Ι‚έ‚ά‚Ώ‚³‚Ά‚Ω‚¤‚¶
750,‘ε•§–k•”,‚¨‚¨‚Ά‚½‚―‚ρ‚Ω‚­‚Τ,4421401,‘“s’ίμ,‚­‚Ι‚³‚«‚µ‚Β‚ι‚©‚ν
753,‘ε•§Ό•”,‚¨‚¨‚Ά‚½‚―‚ρ‚Ή‚Ά‚Τ,4446200,‹θμ’¬”Ώ‘«,‚­‚·‚ά‚Ώ‚Ω‚ ‚µ
762,‹{θ§“μ•”•½–μ•”,‚έ‚β‚΄‚«‚―‚ρ‚Θ‚ρ‚Τ‚Φ‚Ά‚β‚Τ,4520101,‹{θs–¶“‡,‚έ‚β‚΄‚«‚µ‚«‚θ‚µ‚ά
763,‹{θ§“μ•”R‰‚Ά,‚έ‚β‚΄‚«‚―‚ρ‚Θ‚ρ‚Τ‚β‚ά‚Ό‚Ά,4520200,“sιs—΄,‚έ‚β‚±‚Μ‚¶‚ε‚¤‚µ‚ ‚β‚ί‚Ξ‚ι
763,‹{θ§“μ•”R‰‚Ά,‚έ‚β‚΄‚«‚―‚ρ‚Θ‚ρ‚Τ‚β‚ά‚Ό‚Ά,4520201,“sιs‚θ’¬]•½,‚έ‚β‚±‚Μ‚¶‚ε‚¤‚µ‚½‚©‚΄‚«‚Ώ‚ε‚¤‚¦‚Π‚η
760,‹{θ§–k•”•½–μ•”,‚έ‚β‚΄‚«‚―‚ρ‚Ω‚­‚Τ‚Φ‚Ά‚β‚Τ,4520303,‰„‰s“V_¬H,‚Μ‚Χ‚¨‚©‚µ‚Δ‚ρ‚¶‚ρ‚±‚¤‚¶
760,‹{θ§–k•”•½–μ•”,‚έ‚β‚΄‚«‚―‚ρ‚Ω‚­‚Τ‚Φ‚Ά‚β‚Τ,4520304,‰„‰s–k•ϋ‘‡‰^“®φ‰€,‚Μ‚Χ‚¨‚©‚µ‚«‚½‚©‚½‚»‚¤‚²‚¤‚¤‚ρ‚Η‚¤‚±‚¤‚¦‚ρ
762,‹{θ§“μ•”•½–μ•”,‚έ‚β‚΄‚«‚―‚ρ‚Θ‚ρ‚Τ‚Φ‚Ά‚β‚Τ,4520400,“ϊ“μs–ϋ’Γ,‚Ι‚Ώ‚Θ‚ρ‚µ‚ ‚Τ‚η‚Β
762,‹{θ§“μ•”•½–μ•”,‚έ‚β‚΄‚«‚―‚ρ‚Θ‚ρ‚Τ‚Φ‚Ά‚β‚Τ,4520401,“ϊ“μs–k‹½’¬‘ε“΅,‚Ι‚Ώ‚Θ‚ρ‚µ‚«‚½‚²‚¤‚Ώ‚ε‚¤‚¨‚¨‚Σ‚¶
763,‹{θ§“μ•”R‰‚Ά,‚έ‚β‚΄‚«‚―‚ρ‚Θ‚ρ‚Τ‚β‚ά‚Ό‚Ά,4520501,¬—Ρs^•ϋ,‚±‚Ξ‚β‚µ‚µ‚ά‚©‚½
760,‹{θ§–k•”•½–μ•”,‚έ‚β‚΄‚«‚―‚ρ‚Ω‚­‚Τ‚Φ‚Ά‚β‚Τ,4520601,“ϊόs‹Tθ,‚Π‚γ‚¤‚‚µ‚©‚ί‚΄‚«
760,‹{θ§–k•”•½–μ•”,‚έ‚β‚΄‚«‚―‚ρ‚Ω‚­‚Τ‚Φ‚Ά‚β‚Τ,4520602,“ϊόs‘ε‰¤’J‰^“®φ‰€,‚Π‚γ‚¤‚‚µ‚Ύ‚Ά‚¨‚¤‚Ύ‚Ι‚¤‚ρ‚Η‚¤‚±‚¤‚¦‚ρ
762,‹{θ§“μ•”•½–μ•”,‚έ‚β‚΄‚«‚―‚ρ‚Θ‚ρ‚Τ‚Φ‚Ά‚β‚Τ,4520701,‹ψΤs“ή—―,‚­‚µ‚ά‚µ‚Θ‚ι
760,‹{θ§–k•”•½–μ•”,‚έ‚β‚΄‚«‚―‚ρ‚Ω‚­‚Τ‚Φ‚Ά‚β‚Τ,4540200,V•x’¬γ•x“c,‚µ‚ρ‚Ζ‚έ‚Ώ‚ε‚¤‚©‚έ‚Ζ‚ρ‚Ύ
760,‹{θ§–k•”•½–μ•”,‚έ‚β‚΄‚«‚―‚ρ‚Ω‚­‚Τ‚Φ‚Ά‚β‚Τ,4540600,‹{θ“s”_’¬μ–k,‚έ‚β‚΄‚«‚Β‚Μ‚Ώ‚ε‚¤‚©‚ν‚«‚½
761,‹{θ§–k•”R‰‚Ά,‚έ‚β‚΄‚«‚―‚ρ‚Ω‚­‚Τ‚β‚ά‚Ό‚Ά,4544100,‚η•δ’¬O“cδ,‚½‚©‚Ώ‚Ω‚Ώ‚ε‚¤‚έ‚½‚Ά
770,­™“‡§F–€,‚©‚²‚µ‚ά‚―‚ρ‚³‚Β‚ά,4620100,­™“‡s“S³,‚©‚²‚µ‚ά‚µ‚Π‚‚µ‚±‚¨‚θ‚ΰ‚Ζ
770,­™“‡§F–€,‚©‚²‚µ‚ά‚―‚ρ‚³‚Β‚ά,4620101,­™“‡s‰Ί•³,‚©‚²‚µ‚ά‚µ‚µ‚ΰ‚Σ‚­‚ΰ‚Ζ
771,­™“‡§‘ε‹χ,‚©‚²‚µ‚ά‚―‚ρ‚¨‚¨‚·‚έ,4620300,­‰®sV‰h’¬,‚©‚Μ‚β‚µ‚µ‚ρ‚¦‚Ά‚Ώ‚ε‚¤
770,­™“‡§F–€,‚©‚²‚µ‚ά‚―‚ρ‚³‚Β‚ά,4620401,–θs‚©’¬,‚ά‚­‚η‚΄‚«‚µ‚½‚©‚έ‚Ώ‚ε‚¤
770,­™“‡§F–€,‚©‚²‚µ‚ά‚―‚ρ‚³‚Β‚ά,4620601,Ά‹vsΤ£μ,‚ ‚­‚Λ‚µ‚ ‚©‚Ή‚‚ν
770,­™“‡§F–€,‚©‚²‚µ‚ά‚―‚ρ‚³‚Β‚ά,4621000,whsRμV¶’¬,‚Ά‚Τ‚·‚«‚µ‚β‚ά‚‚ν‚µ‚ρ‚Ή‚Ά‚Ώ‚ε‚¤
776,­™“‡§νq“‡,‚©‚²‚µ‚ά‚―‚ρ‚½‚Λ‚‚µ‚ά,4621301,Ό”V•\sZ‹g,‚Ι‚µ‚Μ‚¨‚ΰ‚Δ‚µ‚·‚έ‚ζ‚µ
776,­™“‡§νq“‡,‚©‚²‚µ‚ά‚―‚ρ‚½‚Λ‚‚µ‚ά,4621302,Ό”V•\sΌ”V•\,‚Ι‚µ‚Μ‚¨‚ΰ‚Δ‚µ‚Ι‚µ‚Μ‚¨‚ΰ‚Δ
770,­™“‡§F–€,‚©‚²‚µ‚ά‚―‚ρ‚³‚Β‚ά,4621500,F–€μ“ΰs’†‹½,‚³‚Β‚ά‚Ή‚ρ‚Ύ‚Ά‚µ‚Ώ‚γ‚¤‚²‚¤
775,­™“‡§™“‡,‚©‚²‚µ‚ά‚―‚ρ‚±‚µ‚«‚µ‚ά,4621501,F–€μ“ΰs‰Ί™’¬Β£,‚³‚Β‚ά‚Ή‚ρ‚Ύ‚Ά‚µ‚µ‚ΰ‚±‚µ‚«‚Ώ‚ε‚¤‚ ‚¨‚Ή
770,­™“‡§F–€,‚©‚²‚µ‚ά‚―‚ρ‚³‚Β‚ά,4621800,–¶“‡s”Ήl’¬“ΰR“c,‚«‚θ‚µ‚ά‚µ‚Ν‚β‚Ζ‚Ώ‚ε‚¤‚¤‚Ώ‚β‚ά‚Ύ
770,­™“‡§F–€,‚©‚²‚µ‚ά‚―‚ρ‚³‚Β‚ά,4621802,­™“‡‹σ`,‚©‚²‚µ‚ά‚­‚¤‚±‚¤
771,­™“‡§‘ε‹χ,‚©‚²‚µ‚ά‚―‚ρ‚¨‚¨‚·‚έ,4622100,u•zusu•zu’¬u•zu,‚µ‚Τ‚µ‚µ‚µ‚Τ‚µ‚Ώ‚ε‚¤‚µ‚Τ‚µ
778,­™“‡§‰‚”ό–k•”,‚©‚²‚µ‚ά‚―‚ρ‚ ‚ά‚έ‚Ω‚­‚Τ,4622201,‰‚”όs–Ό£–ξ”Ve’¬,‚ ‚ά‚έ‚µ‚Θ‚Ί‚β‚Μ‚ν‚«‚Ώ‚ε‚¤
770,­™“‡§F–€,‚©‚²‚µ‚ά‚―‚ρ‚³‚Β‚ά,4622400,Ι²s‘εϋR–μ,‚Ά‚³‚µ‚¨‚¨‚­‚Ώ‚β‚ά‚Μ
774,­™“‡§\“‡‘Ί,‚©‚²‚µ‚ά‚―‚ρ‚Ζ‚µ‚ά‚ή‚η,4630401,­™“‡\“‡‘Ί’†”V“‡“Ώ”V”φ,‚©‚²‚µ‚ά‚Ζ‚µ‚ά‚ή‚η‚Θ‚©‚Μ‚µ‚ά‚Ζ‚­‚Μ‚¨
770,­™“‡§F–€,‚©‚²‚µ‚ά‚―‚ρ‚³‚Β‚ά,4639201,‚³‚Β‚ά’¬‹{”Vι‰®’n,‚³‚Β‚ά‚Ώ‚ε‚¤‚έ‚β‚Μ‚¶‚ε‚¤‚β‚Ώ
771,­™“‡§‘ε‹χ,‚©‚²‚µ‚ά‚―‚ρ‚¨‚¨‚·‚έ,4649000,‹Ρ]’¬“c‘γ[,‚«‚ρ‚±‚¤‚Ώ‚ε‚¤‚½‚µ‚λ‚Σ‚ΰ‚Ζ
776,­™“‡§νq“‡,‚©‚²‚µ‚ά‚―‚ρ‚½‚Λ‚‚µ‚ά,4650200,“μνq’¬’†”V‰Ί,‚έ‚Θ‚έ‚½‚Λ‚Ώ‚ε‚¤‚Θ‚©‚Μ‚µ‚ΰ
777,­™“‡§‰®‹v“‡,‚©‚²‚µ‚ά‚―‚ρ‚β‚­‚µ‚ά,4650500,‰®‹v“‡’¬¬£“c,‚β‚­‚µ‚ά‚Ώ‚ε‚¤‚±‚Ή‚Ύ
777,­™“‡§‰®‹v“‡,‚©‚²‚µ‚ά‚―‚ρ‚β‚­‚µ‚ά,4650501,‰®‹v“‡’¬ϋ‰i—Η•”“‡’r“c,‚β‚­‚µ‚ά‚Ώ‚ε‚¤‚­‚Ώ‚Μ‚¦‚η‚Τ‚¶‚ά‚Ά‚―‚Ύ
777,­™“‡§‰®‹v“‡,‚©‚²‚µ‚ά‚―‚ρ‚β‚­‚µ‚ά,4650502,‰®‹v“‡’¬•½“ΰ,‚β‚­‚µ‚ά‚Ώ‚ε‚¤‚Π‚η‚¤‚Ώ
778,­™“‡§‰‚”ό–k•”,‚©‚²‚µ‚ά‚―‚ρ‚ ‚ά‚έ‚Ω‚­‚Τ,4652500,£Λ“ΰ’¬ΌΓ©,‚Ή‚Ζ‚¤‚Ώ‚Ώ‚ε‚¤‚Ι‚µ‚±‚έ
778,­™“‡§‰‚”ό–k•”,‚©‚²‚µ‚ά‚―‚ρ‚ ‚ά‚έ‚Ω‚­‚Τ,4652700,—΄‹½’¬‰®“ό,‚½‚Β‚²‚¤‚Ώ‚ε‚¤‚β‚Ι‚γ‚¤
778,­™“‡§‰‚”ό–k•”,‚©‚²‚µ‚ά‚―‚ρ‚ ‚ά‚έ‚Ω‚­‚Τ,4652900,μE’¬‘κμ,‚«‚©‚Ά‚Ώ‚ε‚¤‚½‚«‚‚ν
779,­™“‡§‰‚”ό“μ•”,‚©‚²‚µ‚ά‚―‚ρ‚ ‚ά‚έ‚Θ‚ρ‚Τ,4653100,“Vι’¬“–•”,‚ ‚ά‚¬‚Ώ‚ε‚¤‚Ζ‚¤‚Χ
779,­™“‡§‰‚”ό“μ•”,‚©‚²‚µ‚ά‚―‚ρ‚ ‚ά‚έ‚Θ‚ρ‚Τ,4653300,a”‘’¬‘“,‚ν‚Η‚ά‚θ‚Ώ‚ε‚¤‚­‚Ι‚‚έ
779,­™“‡§‰‚”ό“μ•”,‚©‚²‚µ‚ά‚―‚ρ‚ ‚ά‚έ‚Θ‚ρ‚Τ,4653400,’m–Ό’¬£—o,‚Ώ‚Θ‚Ώ‚ε‚¤‚Ή‚θ‚©‚­
779,­™“‡§‰‚”ό“μ•”,‚©‚²‚µ‚ά‚―‚ρ‚ ‚ά‚έ‚Θ‚ρ‚Τ,4653500,—^_’¬”‰®,‚ζ‚λ‚ρ‚Ώ‚ε‚¤‚ή‚¬‚β
801,‰«“κ§–{“‡’†“μ•”,‚¨‚«‚Θ‚ν‚―‚ρ‚Ω‚ρ‚Ζ‚¤‚Ώ‚γ‚¤‚Θ‚ρ‚Τ,4720100,“ί”es”σμ,‚Θ‚Ν‚µ‚Π‚‚ν
801,‰«“κ§–{“‡’†“μ•”,‚¨‚«‚Θ‚ν‚―‚ρ‚Ω‚ρ‚Ζ‚¤‚Ώ‚γ‚¤‚Θ‚ρ‚Τ,4720101,“ί”e‹σ`,‚Θ‚Ν‚­‚¤‚±‚¤
805,‰«“κ§Ξ_“‡,‚¨‚«‚Θ‚ν‚―‚ρ‚Ά‚µ‚‚«‚¶‚ά,4720700,Ξ_s“o–μι,‚Ά‚µ‚‚«‚µ‚Ζ‚Μ‚µ‚λ
805,‰«“κ§Ξ_“‡,‚¨‚«‚Θ‚ν‚―‚ρ‚Ά‚µ‚‚«‚¶‚ά,4720701,Ξ_sVμ,‚Ά‚µ‚‚«‚µ‚ ‚η‚©‚ν
805,‰«“κ§Ξ_“‡,‚¨‚«‚Θ‚ν‚―‚ρ‚Ά‚µ‚‚«‚¶‚ά,4720702,Ξ_s•½‹v•Ϋ,‚Ά‚µ‚‚«‚µ‚Π‚η‚­‚Ϊ
800,‰«“κ§–{“‡–k•”,‚¨‚«‚Θ‚ν‚―‚ρ‚Ω‚ρ‚Ζ‚¤‚Ω‚­‚Τ,4720900,–Όμs‹{—Ά,‚Θ‚²‚µ‚έ‚β‚΄‚Ζ
800,‰«“κ§–{“‡–k•”,‚¨‚«‚Θ‚ν‚―‚ρ‚Ω‚ρ‚Ζ‚¤‚Ω‚­‚Τ,4720901,–Όμs–L΄,‚Θ‚²‚µ‚Ζ‚ζ‚Ν‚η
804,‰«“κ§‹{Γ“‡,‚¨‚«‚Θ‚ν‚―‚ρ‚έ‚β‚±‚¶‚ά,4721400,‹{Γ“‡s•½—Η‰Ί—Ά,‚έ‚β‚±‚¶‚ά‚µ‚Π‚η‚η‚µ‚ΰ‚΄‚Ζ
804,‰«“κ§‹{Γ“‡,‚¨‚«‚Θ‚ν‚―‚ρ‚έ‚β‚±‚¶‚ά,4721402,‹{Γ“‡sι•Σ•–k,‚έ‚β‚±‚¶‚ά‚µ‚®‚·‚­‚Χ‚Σ‚­‚«‚½
804,‰«“κ§‹{Γ“‡,‚¨‚«‚Θ‚ν‚―‚ρ‚έ‚β‚±‚¶‚ά,4721403,‹{Γ“‡s•½—Η’rΤ,‚έ‚β‚±‚¶‚ά‚µ‚Π‚η‚η‚Ά‚―‚ά
804,‰«“κ§‹{Γ“‡,‚¨‚«‚Θ‚ν‚―‚ρ‚έ‚β‚±‚¶‚ά,4721405,‹{Γ“‡sγ–μV—Ά,‚έ‚β‚±‚¶‚ά‚µ‚¤‚¦‚Μ‚µ‚ρ‚΄‚Ζ
804,‰«“κ§‹{Γ“‡,‚¨‚«‚Θ‚ν‚―‚ρ‚έ‚β‚±‚¶‚ά,4721406,‹{Γ“‡sΙ—Η•”‘O—Ά“Y,‚έ‚β‚±‚¶‚ά‚µ‚Ά‚η‚Τ‚ά‚¦‚³‚Ζ‚»‚¦
801,‰«“κ§–{“‡’†“μ•”,‚¨‚«‚Θ‚ν‚―‚ρ‚Ω‚ρ‚Ζ‚¤‚Ώ‚γ‚¤‚Θ‚ρ‚Τ,4721502,“μιs‹Κι‹Κι,‚Θ‚ρ‚¶‚ε‚¤‚µ‚½‚ά‚®‚·‚­‚ ‚΄‚½‚ά‚®‚·‚­
800,‰«“κ§–{“‡–k•”,‚¨‚«‚Θ‚ν‚―‚ρ‚Ω‚ρ‚Ζ‚¤‚Ω‚­‚Τ,4730100,‘“‘Ί‰,‚­‚Ι‚‚έ‚»‚ρ‚¨‚­
801,‰«“κ§–{“‡’†“μ•”,‚¨‚«‚Θ‚ν‚―‚ρ‚Ω‚ρ‚Ζ‚¤‚Ώ‚γ‚¤‚Θ‚ρ‚Τ,4732401,“Η’J‘Ίΐμ–΅,‚ζ‚έ‚½‚ρ‚»‚ρ‚΄‚«‚έ
800,‰«“κ§–{“‡–k•”,‚¨‚«‚Θ‚ν‚―‚ρ‚Ω‚ρ‚Ζ‚¤‚Ω‚­‚Τ,4735501,Ύ‘‘Ί•l,‚ ‚®‚Ι‚»‚ρ‚Ν‚ά
803,‰«“κ§‘ε““‡,‚¨‚«‚Θ‚ν‚―‚ρ‚Ύ‚Ά‚Ζ‚¤‚¶‚ά,4735700,“μ‘ε“‘Ίέ,‚έ‚Θ‚έ‚Ύ‚Ά‚Ζ‚¤‚»‚ρ‚΄‚Ά‚µ‚ε
803,‰«“κ§‘ε““‡,‚¨‚«‚Θ‚ν‚―‚ρ‚Ύ‚Ά‚Ζ‚¤‚¶‚ά,4735701,“μ‘ε“‘Ί’r”V‘ς,‚έ‚Θ‚έ‚Ύ‚Ά‚Ζ‚¤‚»‚ρ‚Ά‚―‚Μ‚³‚ν
803,‰«“κ§‘ε““‡,‚¨‚«‚Θ‚ν‚―‚ρ‚Ύ‚Ά‚Ζ‚¤‚¶‚ά,4735800,–k‘ε“‘Ί‰©‹ΰR,‚«‚½‚Ύ‚Ά‚Ζ‚¤‚»‚ρ‚±‚‚Λ‚β‚ά
800,‰«“κ§–{“‡–k•”,‚¨‚«‚Θ‚ν‚―‚ρ‚Ω‚ρ‚Ζ‚¤‚Ω‚­‚Τ,4735900,Ι•½‰®‘Ί‰δμ‰®,‚Ά‚Φ‚β‚»‚ρ‚‚«‚β
802,‰«“κ§‹v•Δ“‡,‚¨‚«‚Θ‚ν‚―‚ρ‚­‚ί‚¶‚ά,4736101,‹v•Δ“‡’¬Rι,‚­‚ί‚¶‚ά‚Ώ‚ε‚¤‚β‚ά‚µ‚λ
802,‰«“κ§‹v•Δ“‡,‚¨‚«‚Θ‚ν‚―‚ρ‚­‚ί‚¶‚ά,4736102,‹v•Δ“‡’¬Σ–Ό“°,‚­‚ί‚¶‚ά‚Ώ‚ε‚¤‚¶‚α‚Θ‚Η‚¤
804,‰«“κ§‹{Γ“‡,‚¨‚«‚Θ‚ν‚―‚ρ‚έ‚β‚±‚¶‚ά,4737500,‘½—ΗΤ‘Ί‰–μ,‚½‚η‚ά‚»‚ρ‚µ‚¨‚©‚ν
807,‰«“κ§Ό•\“‡,‚¨‚«‚Θ‚ν‚―‚ρ‚Ά‚θ‚¨‚ΰ‚Δ‚¶‚ά,4738104,’|•x’¬‘ε΄,‚½‚―‚Ζ‚έ‚Ώ‚ε‚¤‚¨‚¨‚Ν‚η
807,‰«“κ§Ό•\“‡,‚¨‚«‚Θ‚ν‚―‚ρ‚Ά‚θ‚¨‚ΰ‚Δ‚¶‚ά,4738105,’|•x’¬•“‡,‚½‚―‚Ζ‚έ‚Ώ‚ε‚¤‚­‚λ‚µ‚ά
807,‰«“κ§Ό•\“‡,‚¨‚«‚Θ‚ν‚―‚ρ‚Ά‚θ‚¨‚ΰ‚Δ‚¶‚ά,4738111,’|•x’¬”gΖΤ,‚½‚―‚Ζ‚έ‚Ώ‚ε‚¤‚Ν‚Δ‚ι‚ά
807,‰«“κ§Ό•\“‡,‚¨‚«‚Θ‚ν‚―‚ρ‚Ά‚θ‚¨‚ΰ‚Δ‚¶‚ά,4738112,’|•x’¬γ΄¬wZ,‚½‚―‚Ζ‚έ‚Ώ‚ε‚¤‚¤‚¦‚Ν‚η‚µ‚ε‚¤‚‚Α‚±‚¤
806,‰«“κ§—^“ί‘“‡,‚¨‚«‚Θ‚ν‚―‚ρ‚ζ‚Θ‚®‚Ι‚¶‚ά,4738200,—^“ί‘’¬‘c”[,‚ζ‚Θ‚®‚Ι‚Ώ‚ε‚¤‚»‚Θ‚Ά
806,‰«“κ§—^“ί‘“‡,‚¨‚«‚Θ‚ν‚―‚ρ‚ζ‚Θ‚®‚Ι‚¶‚ά,4738202,—^“ί‘’¬‹v•”—Η,‚ζ‚Θ‚®‚Ι‚Ώ‚ε‚¤‚­‚Τ‚η
