Code,Name,ӂ肪,Code,Name,l
00305,쓌TO,˂ނȂƂTO,,,wb_ł̂ݎgpȗϑ_
00306,쓌UO,˂ނȂƂUO,,,wb_ł̂ݎgpȗϑ_
00308,쓌WO,˂ނȂƂWO,,,wb_ł̂ݎgpȗϑ_
00405,HTO,남TO,,,wb_ł̂ݎgpȗϑ_
00406,HUO,남UO,,,wb_ł̂ݎgpȗϑ_
00408,HWO,남WO,,,wb_ł̂ݎgpȗϑ_
00410,HPOO,남POO,,,wb_ł̂ݎgpȗϑ_
00411,HPPO,남PPO,,,wb_ł̂ݎgpȗϑ_
00413,HPRO,남PRO,,,wb_ł̂ݎgpȗϑ_
00415,HPTO,남PTO,,,wb_ł̂ݎgpȗϑ_
00416,HPUO,남PUO,,,wb_ł̂ݎgpȗϑ_
00417,HPVO,남PVO,,,wb_ł̂ݎgpȗϑ_
00418,HPWO,남PWO,,,wb_ł̂ݎgpȗϑ_
00506,\UO,ƂUO,,,wb_ł̂ݎgpȗϑ_
00508,\WO,ƂWO,,,wb_ł̂ݎgpȗϑ_
00509,\XO,ƂXO,,,wb_ł̂ݎgpȗϑ_
00510,\POO,ƂPOO,,,wb_ł̂ݎgpȗϑ_
00511,\PPO,ƂPPO,,,wb_ł̂ݎgpȗϑ_
00512,\PQO,ƂPQO,,,wb_ł̂ݎgpȗϑ_
00515,\PTO,ƂPTO,,,wb_ł̂ݎgpȗϑ_
00605,Y͉TO,炩킨TO,,,wb_ł̂ݎgpȗϑ_
00606,Y͉UO,炩킨UO,,,wb_ł̂ݎgpȗϑ_
00607,Y͉VO,炩킨VO,,,wb_ł̂ݎgpȗϑ_
00610,Y͉POO,炩킨POO,,,wb_ł̂ݎgpȗϑ_
01403,XRO,ƂقRO,,,wb_ł̂ݎgpȗϑ_
01404,XSO,ƂقSO,,,wb_ł̂ݎgpȗϑ_
01405,XTO,ƂقTO,,,wb_ł̂ݎgpȗϑ_
01406,XUO,ƂقUO,,,wb_ł̂ݎgpȗϑ_
01408,XWO,ƂقWO,,,wb_ł̂ݎgpȗϑ_
01409,XXO,ƂقXO,,,wb_ł̂ݎgpȗϑ_
01410,XPOO,ƂقPOO,,,wb_ł̂ݎgpȗϑ_
01412,XPQO,ƂقPQO,,,wb_ł̂ݎgpȗϑ_
01416,XPUO,ƂقPUO,,,wb_ł̂ݎgpȗϑ_
01418,XPWO,ƂقPWO,,,wb_ł̂ݎgpȗϑ_
01420,XQOO,ƂقQOO,,,wb_ł̂ݎgpȗϑ_
01426,XQUO,ƂقQUO,,,wb_ł̂ݎgpȗϑ_
01431,XRPO,ƂقRPO,,,wb_ł̂ݎgpȗϑ_
01603,艫RO,ĂRO,,,wb_ł̂ݎgpȗϑ_
01604,艫SO,ĂSO,,,wb_ł̂ݎgpȗϑ_
01606,艫UO,ĂUO,,,wb_ł̂ݎgpȗϑ_
01607,艫VO,ĂVO,,,wb_ł̂ݎgpȗϑ_
01608,艫WO,ĂWO,,,wb_ł̂ݎgpȗϑ_
01609,艫XO,ĂXO,,,wb_ł̂ݎgpȗϑ_
01611,艫PPO,ĂPPO,,,wb_ł̂ݎgpȗϑ_
01612,艫PQO,ĂPQO,,,wb_ł̂ݎgpȗϑ_
01614,艫PSO,ĂPSO,,,wb_ł̂ݎgpȗϑ_
01615,艫PTO,ĂPTO,,,wb_ł̂ݎgpȗϑ_
01616,艫PUO,ĂPUO,,,wb_ł̂ݎgpȗϑ_
01617,艫PVO,ĂPVO,,,wb_ł̂ݎgpȗϑ_
01622,艫QQO,ĂQQO,,,wb_ł̂ݎgpȗϑ_
01623,艫QRO,ĂQRO,,,wb_ł̂ݎgpȗϑ_
01624,艫QSO,ĂQSO,,,wb_ł̂ݎgpȗϑ_
01703,{鉫RO,݂€RO,,,wb_ł̂ݎgpȗϑ_
01704,{鉫SO,݂€SO,,,wb_ł̂ݎgpȗϑ_
01705,{鉫TO,݂€TO,,,wb_ł̂ݎgpȗϑ_
01706,{鉫UO,݂€UO,,,wb_ł̂ݎgpȗϑ_
01708,{鉫WO,݂€WO,,,wb_ł̂ݎgpȗϑ_
01709,{鉫XO,݂€XO,,,wb_ł̂ݎgpȗϑ_
01711,{鉫PPO,݂€PPO,,,wb_ł̂ݎgpȗϑ_
01712,{鉫PQO,݂€PQO,,,wb_ł̂ݎgpȗϑ_
01713,{鉫PRO,݂€PRO,,,wb_ł̂ݎgpȗϑ_
01714,{鉫PSO,݂€PSO,,,wb_ł̂ݎgpȗϑ_
01715,{鉫PTO,݂€PTO,,,wb_ł̂ݎgpȗϑ_
01716,{鉫PUO,݂€PUO,,,wb_ł̂ݎgpȗϑ_
01718,{鉫PWO,݂€PWO,,,wb_ł̂ݎgpȗϑ_
01719,{鉫PXO,݂€PXO,,,wb_ł̂ݎgpȗϑ_
01723,{鉫QRO,݂€QRO,,,wb_ł̂ݎgpȗϑ_
01724,{鉫QSO,݂€QSO,,,wb_ł̂ݎgpȗϑ_
02003,RO,ӂ܂RO,,,wb_ł̂ݎgpȗϑ_
02005,TO,ӂ܂TO,,,wb_ł̂ݎgpȗϑ_
02007,VO,ӂ܂VO,,,wb_ł̂ݎgpȗϑ_
02009,XO,ӂ܂XO,,,wb_ł̂ݎgpȗϑ_
02010,POO,ӂ܂POO,,,wb_ł̂ݎgpȗϑ_
02012,PQO,ӂ܂PQO,,,wb_ł̂ݎgpȗϑ_
02013,PRO,ӂ܂PRO,,,wb_ł̂ݎgpȗϑ_
02014,PSO,ӂ܂PSO,,,wb_ł̂ݎgpȗϑ_
02016,PUO,ӂ܂PUO,,,wb_ł̂ݎgpȗϑ_
02017,PVO,ӂ܂PVO,,,wb_ł̂ݎgpȗϑ_
02018,PWO,ӂ܂PWO,,,wb_ł̂ݎgpȗϑ_
02024,QSO,ӂ܂QSO,,,wb_ł̂ݎgpȗϑ_
02025,QTO,ӂ܂QTO,,,wb_ł̂ݎgpȗϑ_
02104,鉫SO,΂炫SO,,,wb_ł̂ݎgpȗϑ_
02105,鉫TO,΂炫TO,,,wb_ł̂ݎgpȗϑ_
02106,鉫UO,΂炫UO,,,wb_ł̂ݎgpȗϑ_
02107,鉫VO,΂炫VO,,,wb_ł̂ݎgpȗϑ_
02109,鉫XO,΂炫XO,,,wb_ł̂ݎgpȗϑ_
02111,鉫PPO,΂炫PPO,,,wb_ł̂ݎgpȗϑ_
02112,鉫PQO,΂炫PQO,,,wb_ł̂ݎgpȗϑ_
02114,鉫PSO,΂炫PSO,,,wb_ł̂ݎgpȗϑ_
02116,鉫PUO,΂炫PUO,,,wb_ł̂ݎgpȗϑ_
02122,鉫QQO,΂炫QQO,,,wb_ł̂ݎgpȗϑ_
02124,鉫QSO,΂炫QSO,,,wb_ł̂ݎgpȗϑ_
02204,tSO,΂ƂقSO,,,wb_ł̂ݎgpȗϑ_
02205,tTO,΂ƂقTO,,,wb_ł̂ݎgpȗϑ_
02206,tUO,΂ƂقUO,,,wb_ł̂ݎgpȗϑ_
02207,tVO,΂ƂقVO,,,wb_ł̂ݎgpȗϑ_
02208,tWO,΂ƂقWO,,,wb_ł̂ݎgpȗϑ_
02209,tXO,΂ƂقXO,,,wb_ł̂ݎgpȗϑ_
02210,tPOO,΂ƂقPOO,,,wb_ł̂ݎgpȗϑ_
02211,tPPO,΂ƂقPPO,,,wb_ł̂ݎgpȗϑ_
02217,tPVO,΂ƂقPVO,,,wb_ł̂ݎgpȗϑ_
02218,tPWO,΂ƂقPWO,,,wb_ł̂ݎgpȗϑ_
02219,tPXO,΂ƂقPXO,,,wb_ł̂ݎgpȗϑ_
02220,tQOO,΂ƂقQOO,,,wb_ł̂ݎgpȗϑ_
02303,t쓌RO,΂ȂƂRO,,,wb_ł̂ݎgpȗϑ_
02304,t쓌SO,΂ȂƂSO,,,wb_ł̂ݎgpȗϑ_
02306,t쓌UO,΂ȂƂUO,,,wb_ł̂ݎgpȗϑ_
02308,t쓌WO,΂ȂƂWO,,,wb_ł̂ݎgpȗϑ_
02309,t쓌XO,΂ȂƂXO,,,wb_ł̂ݎgpȗϑ_
02311,t쓌PPO,΂ȂƂPPO,,,wb_ł̂ݎgpȗϑ_
02312,t쓌PQO,΂ȂƂPQO,,,wb_ł̂ݎgpȗϑ_
02314,t쓌PSO,΂ȂƂPSO,,,wb_ł̂ݎgpȗϑ_
02316,t쓌PUO,΂ȂƂPUO,,,wb_ł̂ݎgpȗϑ_
02318,t쓌PWO,΂ȂƂPWO,,,wb_ł̂ݎgpȗϑ_
03204,_ސ쉫SO,Ȃ킨SO,,,wb_ł̂ݎgpȗϑ_
04005,ÉTO,TO,,,wb_ł̂ݎgpȗϑ_
04303,Od쓌RO,݂ȂƂRO,,,wb_ł̂ݎgpȗϑ_
04304,Od쓌SO,݂ȂƂSO,,,wb_ł̂ݎgpȗϑ_
04305,Od쓌TO,݂ȂƂTO,,,wb_ł̂ݎgpȗϑ_
04306,Od쓌UO,݂ȂƂUO,,,wb_ł̂ݎgpȗϑ_
04307,Od쓌VO,݂ȂƂVO,,,wb_ł̂ݎgpȗϑ_
04308,Od쓌WO,݂ȂƂWO,,,wb_ł̂ݎgpȗϑ_
04309,Od쓌XO,݂ȂƂXO,,,wb_ł̂ݎgpȗϑ_
04903,a̎RRO,킩܂RO,,,wb_ł̂ݎgpȗϑ_
04904,a̎RSO,킩܂SO,,,wb_ł̂ݎgpȗϑ_
04905,a̎RTO,킩܂TO,,,wb_ł̂ݎgpȗϑ_
04906,a̎RUO,킩܂UO,,,wb_ł̂ݎgpȗϑ_
04907,a̎RVO,킩܂VO,,,wb_ł̂ݎgpȗϑ_
04908,a̎RWO,킩܂WO,,,wb_ł̂ݎgpȗϑ_
04910,a̎RPOO,킩܂POO,,,wb_ł̂ݎgpȗϑ_
04911,a̎RPPO,킩܂PPO,,,wb_ł̂ݎgpȗϑ_
05504,SO,Ƃ܂SO,,,wb_ł̂ݎgpȗϑ_
05505,TO,Ƃ܂TO,,,wb_ł̂ݎgpȗϑ_
05906,mUO,UO,,,wb_ł̂ݎgpȗϑ_
05907,mVO,VO,,,wb_ł̂ݎgpȗϑ_
05908,mWO,WO,,,wb_ł̂ݎgpȗϑ_
05909,mXO,XO,,,wb_ł̂ݎgpȗϑ_
05911,mPPO,PPO,,,wb_ł̂ݎgpȗϑ_
05912,mPQO,PQO,,,wb_ł̂ݎgpȗϑ_
05913,mPRO,PRO,,,wb_ł̂ݎgpȗϑ_
05914,mPSO,PSO,,,wb_ł̂ݎgpȗϑ_
07204,{艫SO,݂₴SO,,,wb_ł̂ݎgpȗϑ_
07206,{艫UO,݂₴UO,,,wb_ł̂ݎgpȗϑ_
07209,{艫XO,݂₴XO,,,wb_ł̂ݎgpȗϑ_
07210,{艫POO,݂₴POO,,,wb_ł̂ݎgpȗϑ_
07213,{艫PRO,݂₴PRO,,,wb_ł̂ݎgpȗϑ_
10001,H,,,,
10002,sԍ,˂ނ낵͂Ȃ,,,
10020,`,˂ނ낱,,,
10021,lz`,͂܂Ȃ傤肽Ղ,,,
10050,HPOO`,남POO`,00410,HPOO,
10060,HWO`,남WO`,00408,HWO,
10061,HWOa,남WOa,00408,HWO,
10062,쓌WO`,˂ނȂƂWO`,00308,쓌WO,
10070,HUO`,남UO`,00406,HUO,
10071,쓌TO`,˂ނȂƂTO`,00305,쓌TO,
10072,HTO`,남TO`,00405,HTO,
10073,쓌UO`,˂ނȂƂUO`,00306,쓌UO,
10101,Y,炩,,,
10102,\`,Ƃ,,,
10103,,傤,,,
10150,\POO`,ƂPOO`,00510,\POO,
10151,Y͉POO`,炩킨POO`,00610,Y͉POO,
10152,Y͉POOa,炩킨POOa,00610,Y͉POO,
10153,\XO`,ƂXO`,00509,\XO,
10160,\WO`,ƂWO`,00508,\WO,
10161,\WOa,ƂWOa,00508,\WO,
10162,\WOb,ƂWOb,00508,\WO,
10163,Y͉VO`,炩킨VO`,00607,Y͉VO,
10170,\UO`,ƂUO`,00506,\UO,
10171,Y͉UO`,炩킨UO`,00606,Y͉UO,
10172,Y͉TO`,炩킨TO`,00605,Y͉TO,
10202,,͂,,,
10203,Ϗq`,Ƃ܂܂ɂ,,,
10204,g,ӂ܂傤悵,,,
10221,Ϗq`,Ƃ܂܂Ђ,,,
10222,V`,炨,,,
10223,nX`,܂肱,,,
10224,`,ނ񂱂,,,
11001,t,Ȃ,,,
11002,G,,,,
11003,M,,,,
11022,ΎpV`,񂵂񂱂,,,
11023,KB``,肵Ƃ,,,
11024,Hy`,͂ڂ낱,,,
11030,MsEH,邵,,,
11101,s,,,,
11102,],,,,
11121,I`,Ȃ,,,
11122,`,Ȃ,,,
11123,KK`,Ƃ肱,,,
11130,K],Ƃ܂,,,
12001,ԑ,΂,,,
12003,}K`,,,,
12020,ʍ`,ׂ,,,
20001,[Y,ӂ,,,
20002,,,,,
20090,X[Y,ӂ炨,20090,X[Y,
20102,ނs֍l,ނ˂͂,,,
20120,ނ쌴`,ނ炱,,,
20121,ˍ`,͂̂ւ,,,
20150,XPOO`,ƂقPOO`,01410,XPOO,
20151,XXO`,ƂقXO`,01409,XXO,
20160,XWO`,ƂقWO`,01408,XWO,
20170,XUO`,ƂقUO`,01406,XUO,
20171,XUOa,ƂقUOa,01406,XUO,
20172,XTO`,ƂقTO`,01405,XTO,
20173,XTOa,ƂقTOa,01405,XTO,
20180,XSO`,ƂقSO`,01404,XSO,
20181,XRO`,ƂقRO`,01403,XRO,
20190,Xˉ,͂̂ւ,20190,Xˉ,
20201,X,,,,
20202,ނs喩,ނ݂Ȃ,,,
21001,{,݂₱,,,
21002,Dn,ӂȂ,,,
21003,,܂,,,
21020,v`,,,,
21050,艫XO`,ĂXO`,01609,艫XO,
21051,艫XOa,ĂXOa,01609,艫XO,
21060,艫VO`,ĂVO`,01607,艫VO,
21061,艫WO`,ĂWO`,01608,艫WO,
21070,艫UO`,ĂUO`,01606,艫UO,
21071,艫UOa,ĂUOa,01606,艫UO,
21072,艫UOb,ĂUOb,01606,艫UO,
21080,艫SO`,ĂSO`,01604,艫SO,
21081,艫SOa,ĂSOa,01604,艫SO,
21082,艫SOb,ĂSOb,01604,艫SO,
21083,艫RO`,ĂRO`,01603,艫RO,
21084,艫ROa,ĂROa,01603,艫RO,
21090,芘Ή,Ă܂,21090,芘Ή,
21091,{É,Ă݂₱,21091,{É,
21092,v,Ă,21092,v,
22002,Ίs,̂܂䂩,,,
22021,`,񂾂,,,
22022,Ί`,̂܂,,,
22050,{鉫XO`,݂€XO`,01709,{鉫XO,
22060,{鉫WO`,݂€WO`,01708,{鉫WO,
22061,{鉫WOa,݂€WOa,01708,{鉫WO,
22070,{鉫UO`,݂€UO`,01706,{鉫UO,
22071,{鉫TO`,݂€TO`,01705,{鉫TO,
22072,{鉫TOa,݂€TOa,01705,{鉫TO,
22080,{鉫SO`,݂€SO`,01704,{鉫SO,
22081,{鉫RO`,݂€RO`,01703,{鉫RO,
22090,{؎R,݂€񂩂񂨂,22090,{؎R,
22091,CLcp,ʂ܂Ђ낽񂨂,22091,CLcp,
22095,{鉲,݂€,22095,{鉲,
23001,Hc,,,,
23090,Hcj,,23090,Hcj,
24001,c,,,,
24030,,Ƃт,,,
24031,߉slP,邨˂,,,
24090,R`c,܂,24090,R`c,
25002,킫sl,킫Ȃ͂,,,
25030,n,,,,
25050,XO`,ӂ܂XO`,02009,XO,
25060,VO`,ӂ܂VO`,02007,VO,
25061,VOa,ӂ܂VOa,02007,VO,
25070,TO`,ӂ܂TO`,02005,TO,
25071,TOa,ӂ܂TOa,02005,TO,
25080,RO`,ӂ܂RO`,02003,RO,
25081,ROa,ӂ܂ROa,02003,RO,
25090,l,ӂ܂Ȃ͂܂,25090,l,
30001,,炢,,,
30020,_s`,݂܂,,,
30050,鉫XO`,΂炫XO`,02109,鉫XO,
30051,鉫XOa,΂炫XOa,02109,鉫XO,
30060,鉫VO`,΂炫VO`,02107,鉫VO,
30070,鉫UO`,΂炫UO`,02106,鉫UO,
30071,鉫TO`,΂炫TO`,02105,鉫TO,
30072,鉫TOa,΂炫TOa,02105,鉫TO,
30080,鉫SO`,΂炫SO`,02104,鉫SO,
30095,_,΂炫݂,30095,_,
31001,q,傤,,,
31002,Ys,炵,,,
31050,tXO`,΂ƂقXO`,02209,tXO,
31051,t쓌XO`,΂ȂƂXO`,02309,t쓌XO,
31060,tWO`,΂ƂقWO`,02208,tWO,
31061,t쓌WO`,΂ȂƂWO`,02308,t쓌WO,
31062,tVO`,΂ƂقVO`,02207,tVO,
31063,tVOa,΂ƂقVOa,02207,tVO,
31064,t쓌WOa,΂ȂƂWOa,02308,t쓌WO,
31070,t쓌UO`,΂ȂƂUO`,02306,t쓌UO,
31071,tUO`,΂ƂقUO`,02206,tUO,
31072,tUOa,΂ƂقUOa,02206,tUO,
31073,t쓌UOa,΂ȂƂUOa,02306,t쓌UO,
31074,tTO`,΂ƂقTO`,02205,tTO,
31075,tTOa,΂ƂقTOa,02205,tTO,
31080,t쓌SO`,΂ȂƂSO`,02304,t쓌SO,
31081,t쓌RO`,΂ȂƂRO`,02303,t쓌RO,
31082,tSO`,΂ƂقSO`,02204,tSO,
31083,t쓌ROa,΂ȂƂROa,02303,t쓌RO,
31084,t쓌ROb,΂ȂƂROb,02303,t쓌RO,
31101,َRsz,Ă܂߂,,,
31202,C,Ƃ傤͂,,,
31204,{,悱,,,
31205,t,,,,
31206,l,悱͂,,,
32001,ɓ哇c,܂,,,
32002,Oؓc,݂₯܂ڂ,,,
32003,䓇d,͂傤܂₦,,,
32004,_Ó_Ó`,Â܂Â܂,,,
32005,O,݂₯܂,,,
32006,䓇_,͂傤܂݂Ȃ,,,
32101,,܂ӂ,,,
32102,쒹,݂Ȃ݂Ƃ肵,,,
33000,c,,,,
33001,OYsO苙`,݂炵݂傱,,,
33030,OYs,݂炵Ԃ,,,
33080,_ސ쉫SO,Ȃ킨SO,03204,_ސ쉫SO,
33095,_ސ쑊͘p,Ȃ킳݂񂨂,33095,_ސ쑊͘p,
34001,V,ɂ,,,
34003,,킵,,,
34004,zs],傤Ȃ,,,
34030,s~g,킴Ȃ,,,
34103,nsh,ǂ킵,,,
34104,ns,ǂ,,,
35001,xR,Ƃ,,,
35021,ؕxR`V,ӂƂ܂݂Ȃ,,,
36001,Fs,Ȃ͂,,,
36002,Fsѓc,,,,
36020,֓`,킶܂,,,
36021,`,ȂȂ,,,
36101,,Ȃ,,,
37003,sO,݂,,,
37020,։`,邪,,,
38001,ÎsY,ʂ܂Â,,,
38002,,݂,,,
38005,O,܂,,,
38006,,܂,,,
38007,ɓ΍`,݂Ȃ݂傤Ă,,,
38020,c`,,,,
38030,ɓ,Ƃ,,,
38031,ɓcq,ɂ傤,,,
38032,Ē,₢,,,
38070,ÉTO,TO,04005,ÉTO,
38090,ÉO艫,܂,38090,ÉO艫,
39001,csԉH,͂炵΂,,,
39090,ɐp,񂱂,39090,ɐp,
39101,É,Ȃ,,,
39102,cs߉Y,͂񂾂ʂ,,,
39103,ls,,,,
39120,LsO͍`,Ƃ݂͂킱,,,
40001,H,Ƃ,,,
40002,h,킹,,,
40003,FsV,܂̂䂫,,,
40050,Od쓌XO`,݂ȂƂXO`,04309,Od쓌XO,
40060,Od쓌WO`,݂ȂƂWO`,04308,Od쓌WO,
40061,Od쓌WOa,݂ȂƂWOa,04308,Od쓌WO,
40062,Od쓌WOb,݂ȂƂWOb,04308,Od쓌WO,
40063,Od쓌VO`,݂ȂƂVO`,04307,Od쓌VO,
40070,Od쓌UO`,݂ȂƂUO`,04306,Od쓌UO,
40071,Od쓌UOa,݂ȂƂUOa,04306,Od쓌UO,
40072,Od쓌TO`,݂ȂƂTO`,04305,Od쓌TO,
40080,Od쓌SO`,݂ȂƂSO`,04304,Od쓌SO,
40081,Od쓌SOa,݂ȂƂSOa,04304,Od쓌SO,
40082,Od쓌RO`,݂ȂƂRO`,04303,Od쓌RO,
40090,Odh,݂킹,40090,Odh,
50001,,܂Â,,,
51001,VێR,Ăۂ,,,
51002,W,݂傤̂,,,
52001,LsËR,Ƃ您,,,
52101,_,,,,
52102,PH,Ђ߂,,,
52202,F{,,,,
53001,ߒqYY_,Ȃ炿傤炪,,,
53002,{܍`,Ƃ傤ӂ낱,,,
53004,a̎R,킩,,,
53006,VsP,ڂ͂炢,,,
53007,lc,͂܂傤,,,
53060,a̎RWO`,킩܂WO`,04908,a̎RWO,
53061,a̎RWOa,킩܂WOa,04908,a̎RWO,
53062,a̎RVO`,킩܂VO`,04907,a̎RVO,
53063,a̎RVOa,킩܂VOa,04907,a̎RVO,
53064,a̎RWOb,킩܂WOb,04908,a̎RWO,
53065,a̎RWOc,킩܂WOc,04908,a̎RWO,
53066,a̎RWOd,킩܂WOd,04908,a̎RWO,
53067,a̎RVOb,킩܂VOb,04907,a̎RVO,
53068,a̎RVOc,킩܂VOc,04907,a̎RVO,
53069,a̎RVOd,킩܂VOd,04907,a̎RVO,
53070,a̎RTO`,킩܂TO`,04905,a̎RTO,
53071,a̎RTOa,킩܂TOa,04905,a̎RTO,
53072,a̎RUO`,킩܂UO`,04906,a̎RUO,
53073,a̎RUOa,킩܂UOa,04906,a̎RUO,
53074,a̎RUOb,킩܂UOb,04906,a̎RUO,
53075,a̎RTOb,킩܂TOb,04905,a̎RTO,
53076,a̎RTOc,킩܂TOc,04905,a̎RTO,
53077,a̎RTOd,킩܂TOd,04905,a̎RTO,
53078,a̎RTOe,킩܂TOe,04905,a̎RTO,
53079,a̎RSO`,킩܂SO`,04904,a̎RSO,
53080,a̎RRO`,킩܂RO`,04903,a̎RRO,
53081,a̎RROa,킩܂ROa,04903,a̎RRO,
53082,a̎RSOa,킩܂SOa,04904,a̎RSO,
53083,a̎RSOb,킩܂SOb,04904,a̎RSO,
53084,a̎RSOc,킩܂SOc,04904,a̎RSO,
53085,a̎RSOd,킩܂SOd,04904,a̎RSO,
53086,a̎RSOe,킩܂SOe,04904,a̎RSO,
53087,a̎RSOf,킩܂SOf,04904,a̎RSO,
53088,a̎RROb,킩܂ROb,04903,a̎RRO,
53089,a̎RROc,킩܂ROc,04903,a̎RRO,
53090,a̎Rl,킩܂͂܂,53090,a̎Rl,
54001,`s,݂ȂƂ,,,
54030,c,݂傤,,,
55001,lc,͂܂,,,
55101,B򐼋,,,,
56001,ʖsF,܂̂,,,
57001,L,Ђ낵,,,
57002,,,,,
58001,,܂,,,
58002,R,Ƃ܂䂫,,,
58070,TO`,Ƃ܂TO`,05505,TO,
58071,TOa,Ƃ܂TOa,05505,TO,
58080,SO`,Ƃ܂SO`,05504,SO,
58081,SOa,Ƃ܂SOa,05504,SO,
58090,Cz,Ƃ܂悤,58090,Cz,
59001,,܂,,,
59020,os^`,ł悵܂,,,
59022,xÍ`,ǂ,,,
60001,Fa,킶,,,
60101,R,܂,,,
60121,sn,܂΂肵܂,,,
61001,ˎs˖,ނƂނƂ݂,,,
61002,m,,,,
61003,y,Ƃ݂,,,
61020,{`,,,,
61030,yv`,ȂƂ傤ꂱ,,,
61051,mXO`,XO`,05909,mXO,
61052,mXOa,XOa,05909,mXO,
61061,mWO`,WO`,05908,mWO,
61062,mVOa,VOa,05907,mVO,
61063,mVOb,VOb,05907,mVO,
61064,mWOa,WOa,05908,mWO,
61070,mUO`,UO`,05906,mUO,
61071,mUOa,UOa,05906,mUO,
61072,mUOb,UOb,05906,mUO,
61090,m,݂,61090,m,
61091,m˖,ނƂ݂,61091,m˖,
70021,֎s앗`,̂͂ǂ܂肱,,֎s앗`,
70101,֎sFq,̂Ђ܂ł܂,,֎sFq,
70102,R,Ƃ,,R,
70120,F`,ׂ,,F`,
70121,OcK֍`,݂Ȃ̂,,OcK֍`,
70122,֍`{,̂傤,,֍`{,
71002,kBsi,イイ,,kBsi,
71021,c`,񂾂,,c`,
71022,kB`l,イイ͂,,kB`l,
71101,s,ӂ͂,,s,
71120,kB`,イイЂ,,kB`,
71201,喴csOr,ނ݂,,喴csOr,
71202,ǒY,炿傤̂,,ǒY,
71203,Op,݂,,Op,
71220,`,낱,,`,
71221,Vs{n`,܂قǂ,,Vs{n`,
71222,F{`,܂Ƃ,,F{`,
72020,Í`,,,Í`,
72030,C,񂩂傤,,C,
73001,,Ȃ,,,
73002,V,̂,,V,
73003,]]`,ӂ܂ӂ,,]]`,
73004,,,,,
73020,`c@,Ȃ,,`c@,
73021,ˎsc`,Ђǂт炱,,ˎsc`,
73102,Δnc,܂Ђ,,Δnc,
73110,Δns,܂Â͂,,Δns,
73120,򓇋mY`,̂܂̂炱,,򓇋mY`,
74000,ksCX,ꂢق܂Ƃ,,ksCX,
75001,啪,,,啪,
75020,ʕ{`,ׂՂ,,ʕ{`,
75100,sY,܂,,sY,
76001,sד,Ђ䂤ق,,sד,
76002,s,ɂȂ񂵂Ԃ,,s,
76020,{`,݂₴,,{`,
76050,{艫XO`,݂₴XO`,07209,{艫XO,
76051,{艫XOa,݂₴XOa,07209,{艫XO,
76070,{艫UO`,݂₴UO`,07206,{艫UO,
76071,{艫UOa,݂₴UOa,07206,{艫UO,
76080,{艫SO`,݂₴SO`,07204,{艫SO,
76090,{,݂₴Ђイ,76090,{,
77002,唑,݂Ȃ݂݂傤ǂ܂,,唑,
77020,uzu`,Ԃ,,uzu`,
77102,qV\,˂܂ɂ̂,,qV\,
77103,qF,˂܂܂,,qF,
77203,V,Ȃ̂,,V,
77204,s,܂݂݂Ȃ,,s,
77205,s,܂݂Ȃ,,s,
77302,,܂炴,,,
77303,,,,,
77330,v,,,v,
80001,ߔe,Ȃ,,ߔe,
80002,vē,߂,,vē,
80003,sp`,Ȃ킵Ȃ񂱂,,sp`,
80030,s^,Ȃ񂶂傤,,s^,
80102,哌`,݂Ȃ݂Ƃ傱,,哌`,
80203,\,肨Ă,,\,
80204,^ߍv,Ȃɂ܂Ԃ,,^ߍv,
80205,Ί_Ί_`,܂,,Ί_Ί_`,
80206,{Ó,݂₱܂Ђ,,{Ó,
91010,HPPO`,남PPO`,00411,HPPO,
91011,\PPO`,ƂPPO`,00511,\PPO,
91012,\PQO`,ƂPQO`,00512,\PQO,
91020,HPRO`,남PRO`,00413,HPRO,
91021,HPROa,남PROa,00413,HPRO,
91030,HPTO`,남PTO`,00415,HPTO,
91031,\PTO`,ƂPTO`,00515,\PTO,
91032,HPUO`,남PUO`,00416,HPUO,
91033,HPVO`,남PVO`,00417,HPVO,
91040,HPWO`,남PWO`,00418,HPWO,
92010,XPQO`,ƂقPQO`,01412,XPQO,
92030,XPUO`,ƂقPUO`,01416,XPUO,
92040,XPWO`,ƂقPWO`,01418,XPWO,
92041,XQOO`,ƂقQOO`,01420,XQOO,
92042,XQOOa,ƂقQOOa,01420,XQOO,
92060,XQUO`,ƂقQUO`,01426,XQUO,
92070,XRPO`,ƂقRPO`,01431,XRPO,
92110,艫PPO`,ĂPPO`,01611,艫PPO,
92111,艫PQO`,ĂPQO`,01612,艫PQO,
92112,艫PQOa,ĂPQOa,01612,艫PQO,
92120,艫PSO`,ĂPSO`,01614,艫PSO,
92121,艫PSOa,ĂPSOa,01614,艫PSO,
92122,艫PSOb,ĂPSOb,01614,艫PSO,
92130,艫PTO`,ĂPTO`,01615,艫PTO,
92131,艫PUO`,ĂPUO`,01616,艫PUO,
92132,艫PVO`,ĂPVO`,01617,艫PVO,
92133,艫PVOa,ĂPVOa,01617,艫PVO,
92134,艫PVOb,ĂPVOb,01617,艫PVO,
92150,艫QQO`,ĂQQO`,01622,艫QQO,
92151,艫QRO`,ĂQRO`,01623,艫QRO,
92152,艫QSO`,ĂQSO`,01624,艫QSO,
92210,{鉫PPO`,݂€PPO`,01711,{鉫PPO,
92211,{鉫PPOa,݂€PPOa,01711,{鉫PPO,
92212,{鉫PQO`,݂€PQO`,01712,{鉫PQO,
92220,{鉫PRO`,݂€PRO`,01713,{鉫PRO,
92221,{鉫PSO`,݂€PSO`,01714,{鉫PSO,
92230,{鉫PTO`,݂€PTO`,01715,{鉫PTO,
92231,{鉫PUO`,݂€PUO`,01716,{鉫PUO,
92232,{鉫PUOa,݂€PUOa,01716,{鉫PUO,
92240,{鉫PWO`,݂€PWO`,01718,{鉫PWO,
92241,{鉫PWOa,݂€PWOa,01718,{鉫PWO,
92242,{鉫PXO`,݂€PXO`,01719,{鉫PXO,
92250,{鉫QRO`,݂€QRO`,01723,{鉫QRO,
92251,{鉫QSO`,݂€QSO`,01724,{鉫QSO,
92500,POO`,ӂ܂POO`,02010,POO,
92510,PQO`,ӂ܂PQO`,02012,PQO,
92520,PRO`,ӂ܂PRO`,02013,PRO,
92521,PSO`,ӂ܂PSO`,02014,PSO,
92530,PUO`,ӂ܂PUO`,02016,PUO,
92531,PVO`,ӂ܂PVO`,02017,PVO,
92540,PWO`,ӂ܂PWO`,02018,PWO,
92550,QSO`,ӂ܂QSO`,02024,QSO,
92551,QTO`,ӂ܂QTO`,02025,QTO,
93010,鉫PPO`,΂炫PPO`,02111,鉫PPO,
93011,鉫PQO`,΂炫PQO`,02112,鉫PQO,
93020,鉫PSO`,΂炫PSO`,02114,鉫PSO,
93021,鉫PSOa,΂炫PSOa,02114,鉫PSO,
93030,鉫PUO`,΂炫PUO`,02116,鉫PUO,
93031,鉫PUOa,΂炫PUOa,02116,鉫PUO,
93050,鉫QQO`,΂炫QQO`,02122,鉫QQO,
93051,鉫QSO`,΂炫QSO`,02124,鉫QSO,
93100,tPOO`,΂ƂقPOO`,02210,tPOO,
93110,tPPO`,΂ƂقPPO`,02211,tPPO,
93111,t쓌PPO`,΂ȂƂPPO`,02311,t쓌PPO,
93112,t쓌PQO`,΂ȂƂPQO`,02312,t쓌PQO,
93113,t쓌PQOa,΂ȂƂPQOa,02312,t쓌PQO,
93114,t쓌PQOb,΂ȂƂPQOb,02312,t쓌PQO,
93120,t쓌PSO`,΂ȂƂPSO`,02314,t쓌PSO,
93121,t쓌PSOa,΂ȂƂPSOa,02314,t쓌PSO,
93130,t쓌PUO`,΂ȂƂPUO`,02316,t쓌PUO,
93131,tPVO`,΂ƂقPVO`,02217,tPVO,
93140,t쓌PWO`,΂ȂƂPWO`,02318,t쓌PWO,
93141,tPWO`,΂ƂقPWO`,02218,tPWO,
93142,tPXO`,΂ƂقPXO`,02219,tPXO,
93143,tQOO`,΂ƂقQOO`,02220,tQOO,
95300,a̎RPOO`,킩܂POO`,04910,a̎RPOO,
95301,a̎RPOOa,킩܂POOa,04910,a̎RPOO,
95302,a̎RPOOb,킩܂POOb,04910,a̎RPOO,
95303,a̎RPOOc,킩܂POOc,04910,a̎RPOO,
95310,a̎RPPO`,킩܂PPO`,04911,a̎RPPO,
96110,mPPO`,PPO`,05911,mPPO,
96111,mPQO`,PQO`,05912,mPQO,
96112,mPQOa,PQOa,05912,mPQO,
96113,mPQOb,PQOb,05912,mPQO,
96120,mPRO`,PRO`,05913,mPRO,
96121,mPSO`,PSO`,05914,mPSO,
97600,{艫POO`,݂₴POO`,07210,{艫POO,
97620,{艫PRO`,݂₴PRO`,07213,{艫PRO,
